ident,type,name,elevation_ft,continent,iso_country,iso_region,municipality,gps_code,iata_code,local_code,coordinates
BIAR,medium_airport,Akureyri Airport,6.0,EU,IS,IS-6,Akureyri,BIAR,AEY,,"-18.07270050048828, 65.66000366210938"
BIBD,small_airport,Bildudalur Airport,18.0,EU,IS,IS-4,Bildudalur,BIBD,BIU,,"-23.546199798583984, 65.64129638671875"
BIBF,small_airport,BorgarfjÃ¶rÃ°ur eystri Airport,80.0,EU,IS,IS-7,BorgarfjÃ¶rÃ°ur eystri,BIBF,BGJ,,"-13.805000305175781, 65.51640319824219"
BIBK,small_airport,BakkafjÃ¶rÃ°ur Airport,14.0,EU,IS,IS-6,BakkafjÃ¶rÃ°ur,BIBK,BJD,,"-14.824399948120117, 66.02189636230469"
BIBL,small_airport,Hjaltabakki Airport,131.0,EU,IS,IS-5,BlÃ¶nduÃ³s,BIBL,BLO,,"-20.287500381469727, 65.6449966430664"
BIBR,small_airport,BÃºÃ°ardalur Airport,131.0,EU,IS,IS-3,BÃºÃ°ardalur,BIBR,BQD,,"-21.80030059814453, 65.07530212402344"
BIBV,small_airport,BreiÃ°dalsvÃ­k Airport,8.0,EU,IS,IS-7,BreiÃ°dalsvÃ­k,BIBV,BXV,,"-14.02280044555664, 64.79000091552734"
BIDV,small_airport,DjÃºpivogur Airport,9.0,EU,IS,IS-7,DjÃºpivogur,BIDV,DJU,,"-14.28279972076416, 64.64420318603516"
BIEG,medium_airport,EgilsstaÃ°ir Airport,76.0,EU,IS,IS-7,EgilsstaÃ°ir,BIEG,EGS,,"-14.401399612426758, 65.2833023071289"
BIFF,small_airport,FÃ¡skrÃºÃ°sfjÃ¶rÃ°ur Airport,15.0,EU,IS,IS-7,FÃ¡skrÃºÃ°sfjÃ¶rÃ°ur,BIFF,FAS,,"-14.0606002808, 64.9317016602"
BIFM,small_airport,FagurhÃ³lsmÃ½ri Airport,56.0,EU,IS,IS-7,FagurhÃ³lsmÃ½ri,BIFM,FAG,,"-16.64109992980957, 63.874698638916016"
BIGF,small_airport,GrundarfjÃ¶rÃ°ur Airport,17.0,EU,IS,IS-3,GrundarfjÃ¶rÃ°ur,BIGF,GUU,,"-23.224700927734375, 64.99140167236328"
BIGJ,small_airport,GjÃ¶gur Airport,83.0,EU,IS,IS-4,GjÃ¶gur,BIGJ,GJR,,"-21.326900482177734, 65.99530029296875"
BIGR,small_airport,GrÃ­msey Airport,66.0,EU,IS,IS-6,GrÃ­msey,BIGR,GRY,,"-18.0173, 66.5458"
BIHK,small_airport,HÃ³lmavÃ­k Airport,90.0,EU,IS,IS-4,HÃ³lmavÃ­k,BIHK,HVK,,"-21.696399688720703, 65.70469665527344"
BIHN,medium_airport,HornafjÃ¶rÃ°ur Airport,24.0,EU,IS,IS-8,HÃ¶fn,BIHN,HFN,,"-15.2272, 64.295601"
BIHT,small_airport,Holt Airport,10.0,EU,IS,IS-4,Flateyri,BIHT,FLI,,"-23.4416913986, 66.0141804294"
BIHU,medium_airport,HÃºsavÃ­k Airport,48.0,EU,IS,IS-6,HÃºsavÃ­k,BIHU,HZK,,"-17.426001, 65.952301"
BIHV,small_airport,KrÃ³kstaÃ°armelar Airport,164.0,EU,IS,IS-5,Hvammstangi,BIHV,HVM,,"-20.846900939941406, 65.26640319824219"
BIID,small_airport,IngjaldssanÃ°ur Airport,70.0,EU,IS,IS-4,OnundarfjÃ¶rÃ°ur,BIID,HLO,,"-23.69610023498535, 66.05000305175781"
BIIS,medium_airport,ÃsafjÃ¶rÃ°ur Airport,8.0,EU,IS,IS-4,ÃsafjÃ¶rÃ°ur,BIIS,IFJ,,"-23.135299682617188, 66.05809783935547"
BIJ,closed,Biliau Airport,50.0,OC,PG,PG-MPM,Biliau,,BIJ,,"146.339, -5.578"
BIKF,large_airport,Keflavik International Airport,171.0,EU,IS,IS-2,ReykjavÃ­k,BIKF,KEF,,"-22.6056, 63.985001"
BIKP,small_airport,KÃ³pasker Airport,20.0,EU,IS,IS-6,KÃ³pasker,BIKP,OPA,,"-16.466699600219727, 66.31079864501953"
BIKR,small_airport,SauÃ°Ã¡rkrÃ³kur Airport,8.0,EU,IS,IS-5,SauÃ°Ã¡rkrÃ³kur,BIKR,SAK,,"-19.572799682599996, 65.73169708249999"
BINF,small_airport,NorÃ°fjÃ¶rÃ°ur Airport,13.0,EU,IS,IS-7,NorÃ°fjÃ¶rÃ°ur,BINF,NOR,,"-13.746399879455566, 65.13189697265625"
BIOF,small_airport,ÃlafsfjÃ¶rÃ°ur Airport,32.0,EU,IS,IS-6,ÃlafsfjÃ¶rÃ°ur,BIOF,OFJ,,"-18.66670036315918, 66.08329772949219"
BIPA,small_airport,PatreksfjÃ¶rÃ°ur Airport,11.0,EU,IS,IS-4,PatreksfjÃ¶rÃ°ur,BIPA,PFJ,,"-23.965, 65.555801"
BIRE,small_airport,ReykhÃ³lar Airport,60.0,EU,IS,IS-4,ReykhÃ³lar,BIRE,RHA,,"-22.20611572265625, 65.45262908935547"
BIRF,small_airport,Rif Airport,18.0,EU,IS,IS-3,Rif,BIRF,OLI,,"-23.8230991364, 64.9113998413"
BIRG,small_airport,RaufarhÃ¶fn Airport,39.0,EU,IS,IS-6,RaufarhÃ¶fn,BIRG,RFN,,"-15.918299674987793, 66.40640258789062"
BIRK,medium_airport,Reykjavik Airport,48.0,EU,IS,IS-1,Reykjavik,BIRK,RKV,,"-21.9405994415, 64.1299972534"
BIRL,small_airport,ReykjahlÃ­Ã° Airport,1030.0,EU,IS,IS-6,Myvatn,BIRL,MVA,,"-16.918100357055664, 65.65579986572266"
BISI,medium_airport,SiglufjÃ¶rÃ°ur Airport,10.0,EU,IS,IS-6,SiglufjÃ¶rÃ°ur,BISI,SIJ,,"-18.9167, 66.133301"
BIST,small_airport,StykkishÃ³lmur Airport,42.0,EU,IS,IS-3,StykkishÃ³lmur,BIST,SYK,,"-22.794200897216797, 65.05809783935547"
BITE,small_airport,Ãingeyri Airport,65.0,EU,IS,IS-4,Ãingeyri,BITE,TEY,,"-23.559999465942383, 65.87030029296875"
BITN,small_airport,Thorshofn Airport,65.0,EU,IS,IS-6,Thorshofn,BITN,THO,,"-15.335599899291992, 66.21849822998047"
BIVM,medium_airport,Vestmannaeyjar Airport,326.0,EU,IS,IS-8,Vestmannaeyjar,BIVM,VEY,,"-20.278900146484375, 63.42430114746094"
BIVO,small_airport,VopnafjÃ¶rÃ°ur Airport,16.0,EU,IS,IS-7,VopnafjÃ¶rÃ°ur,BIVO,VPN,,"-14.850600242614746, 65.72059631347656"
BIZ,closed,Bimin Airport,5775.0,OC,PG,PG-SAN,,,BIZ,BMN,"142.033055556, -5.28611111111"
EBAW,medium_airport,Antwerp International Airport (Deurne),39.0,EU,BE,BE-VAN,Antwerp,EBAW,ANR,,"4.46027994156, 51.1893997192"
EBBR,large_airport,Brussels Airport,184.0,EU,BE,BE-BRU,Brussels,EBBR,BRU,,"4.48443984985, 50.901401519800004"
EBCI,large_airport,Brussels South Charleroi Airport,614.0,EU,BE,BE-WHT,Brussels,EBCI,CRL,,"4.45382, 50.459202"
EBKT,medium_airport,Wevelgem Airport,64.0,EU,BE,BE-VWV,Wevelgem,EBKT,KJK,,"3.20472002029, 50.817199707"
EBLG,large_airport,LiÃ¨ge Airport,659.0,EU,BE,BE-WLG,LiÃ¨ge,EBLG,LGG,,"5.443220138549805, 50.63740158081055"
EBO,small_airport,Ebon Airport,8.0,OC,MH,MH-EBO,Ebon Atoll,,EBO,,"168.752, 4.5982"
EBOS,medium_airport,Ostend-Bruges International Airport,13.0,EU,BE,BE-VWV,Ostend,EBOS,OST,,"2.8622200489, 51.198898315399994"
EBZR,small_airport,Zoersel (Oostmalle) Airfield,53.0,EU,BE,BE-VAN,Zoersel,EBZR,OBL,,"4.75333, 51.264702"
EDA,seaplane_base,Edna Bay Seaplane Base,0.0,,US,US-AK,Edna Bay,,EDA,,"-133.661012, 55.949653"
EDAC,medium_airport,Altenburg-Nobitz Airport,640.0,EU,DE,DE-TH,Altenburg,EDAC,AOC,,"12.506389, 50.981945"
EDAH,medium_airport,Heringsdorf Airport,93.0,EU,DE,DE-MV,Heringsdorf,EDAH,HDF,,"14.152299881, 53.8787002563"
EDAU,small_airport,Riesa-GÃ¶hlis Airport,322.0,EU,DE,DE-SN,Riesa,EDAU,IES,,"13.3561105728, 51.2936096191"
EDAX,small_airport,Rechlin-LÃ¤rz Airport,220.0,EU,DE,DE-MV,LÃ¤rz,EDAX,REB,,"12.7522220612, 53.306388855"
EDBC,small_airport,Cochstedt Airport,594.0,EU,DE,DE-ST,Magdeburg,EDBC,CSO,,"11.42029953, 51.8563995361"
EDBH,small_airport,Barth Airport,23.0,EU,DE,DE-MV,,EDBH,BBH,,"12.710515, 54.338253"
EDBM,medium_airport,"Magdeburg ""City"" Airport",259.0,EU,DE,DE-ST,Magdeburg,EDBM,ZMG,,"11.626389, 52.073612"
EDBN,medium_airport,Neubrandenburg Airport,228.0,EU,DE,DE-MV,Neubrandenburg,EDBN,FNB,,"13.306, 53.6022"
EDCD,closed,Cottbus-Drewitz Airport,272.0,EU,DE,DE-BR,Cottbus,EDCD,CBU,,"14.531944, 51.889442"
EDCG,small_airport,Flugplatz GÃ¼ttin / RÃ¼gen,69.0,EU,DE,DE-MV,RÃ¼gen,EDCG,GTI,,"13.325556, 54.383331"
EDCK,small_airport,KÃ¶then Airport,305.0,EU,DE,DE-ST,KÃ¶then,EDCK,KOQ,,"11.952777862500001, 51.7211112976"
EDCP,small_airport,PeenemÃ¼nde Airport,7.0,EU,DE,DE-MV,PeenemÃ¼nde,EDCP,PEF,,"13.774443626399998, 54.1577796936"
EDDB,large_airport,Berlin-SchÃ¶nefeld Airport,157.0,EU,DE,DE-BR,Berlin,EDDB,SXF,,"13.5225, 52.380001"
EDDC,large_airport,Dresden Airport,755.0,EU,DE,DE-SN,Dresden,EDDC,DRS,,"13.767200469970703, 51.1328010559082"
EDDE,medium_airport,Erfurt Airport,1036.0,EU,DE,DE-TH,Erfurt,EDDE,ERF,,"10.958100318908691, 50.979801177978516"
EDDF,large_airport,Frankfurt am Main Airport,364.0,EU,DE,DE-HE,Frankfurt am Main,EDDF,FRA,,"8.570556, 50.033333"
EDDG,large_airport,MÃ¼nster OsnabrÃ¼ck Airport,160.0,EU,DE,DE-NW,MÃ¼nster,EDDG,FMO,,"7.68483018875, 52.134601593"
EDDH,large_airport,Hamburg Airport,53.0,EU,DE,DE-HH,Hamburg,EDDH,HAM,,"9.9882297515869, 53.630401611328"
EDDI,closed,Berlin Tempelhof International Airport,167.0,EU,DE,DE-BE,Berlin,EDDI,THF,,"13.4039, 52.473"
EDDK,large_airport,Cologne Bonn Airport,302.0,EU,DE,DE-NW,Cologne,EDDK,CGN,,"7.1427397728, 50.8658981323"
EDDL,large_airport,DÃ¼sseldorf Airport,147.0,EU,DE,DE-NW,DÃ¼sseldorf,EDDL,DUS,,"6.76678, 51.289501"
EDDM,large_airport,Munich Airport,1487.0,EU,DE,DE-BY,Munich,EDDM,MUC,,"11.7861, 48.353802"
EDDN,large_airport,Nuremberg Airport,1046.0,EU,DE,DE-BY,Nuremberg,EDDN,NUE,,"11.078056, 49.498699"
EDDP,large_airport,Leipzig/Halle Airport,465.0,EU,DE,DE-SN,Leipzig,EDDP,LEJ,,"12.236389, 51.423889"
EDDR,medium_airport,SaarbrÃ¼cken Airport,1058.0,EU,DE,DE-SL,SaarbrÃ¼cken,EDDR,SCN,,"7.10950994492, 49.214599609400004"
EDDS,large_airport,Stuttgart Airport,1276.0,EU,DE,DE-BW,Stuttgart,EDDS,STR,,"9.22196006775, 48.689899444599995"
EDDT,large_airport,Berlin-Tegel Airport,122.0,EU,DE,DE-BE,Berlin,EDDT,TXL,,"13.2877, 52.5597"
EDDV,large_airport,Hannover Airport,183.0,EU,DE,DE-NI,Hannover,EDDV,HAJ,,"9.685079574580001, 52.461101532"
EDDW,large_airport,Bremen Airport,14.0,EU,DE,DE-HB,Bremen,EDDW,BRE,,"8.78666973114, 53.0475006104"
EDFH,medium_airport,Frankfurt-Hahn Airport,1649.0,EU,DE,DE-RP,Frankfurt am Main,EDFH,HHN,,"7.26389, 49.9487"
EDFM,medium_airport,Mannheim-City Airport,308.0,EU,DE,DE-BW,Mannheim,EDFM,MHG,,"8.514167, 49.473057"
EDGE,medium_airport,Eisenach-Kindel Airport,1112.0,EU,DE,DE-TH,Eisenach,EDGE,EIB,,"10.47973, 50.991604"
EDGS,medium_airport,Siegerland Airport,1966.0,EU,DE,DE-NW,,EDGS,SGE,,"8.082969665527344, 50.707698822021484"
EDHI,medium_airport,Hamburg-Finkenwerder Airport,23.0,EU,DE,DE-HH,Hamburg,EDHI,XFW,,"9.835556030273438, 53.5352783203125"
EDHK,medium_airport,Kiel-Holtenau Airport,102.0,EU,DE,DE-SH,Kiel,EDHK,KEL,,"10.145277976989746, 54.37944412231445"
EDHL,medium_airport,LÃ¼beck Blankensee Airport,53.0,EU,DE,DE-SH,LÃ¼beck,EDHL,LBC,,"10.7192001343, 53.8054008484"
EDHN,small_airport,NeumÃ¼nster Airport,72.0,EU,DE,DE-SH,NeumÃ¼nster,EDHN,EUM,,"9.941389083862305, 54.079444885253906"
EDJA,medium_airport,Memmingen Allgau Airport,2077.0,EU,DE,DE-BY,Memmingen,EDJA,FMM,,"10.2395000458, 47.988800048799995"
EDKA,small_airport,Aachen-MerzbrÃ¼ck Airport,623.0,EU,DE,DE-NW,Aachen,EDKA,AAH,,"6.186389, 50.823055"
EDKB,small_airport,Bonn-Hangelar Airport,197.0,EU,DE,DE-NW,Bonn,EDKB,BNJ,,"7.16333293915, 50.7688903809"
EDLE,small_airport,Essen Mulheim Airport,424.0,EU,DE,DE-NW,,EDLE,ESS,,"6.9373297691345215, 51.40230178833008"
EDLI,small_airport,Bielefeld Airport,454.0,EU,DE,DE-NW,Bielefeld,EDLI,BFE,,"8.544444, 51.964722"
EDLN,medium_airport,MÃ¶nchengladbach Airport,125.0,EU,DE,DE-NW,MÃ¶nchengladbach,EDLN,MGL,,"6.504444, 51.230278"
EDLP,medium_airport,Paderborn Lippstadt Airport,699.0,EU,DE,DE-NW,Paderborn,EDLP,PAD,,"8.616319656369999, 51.614101409899995"
EDLV,medium_airport,Weeze Airport,106.0,EU,DE,DE-NW,Weeze,EDLV,NRN,,"6.14216995239, 51.6024017334"
EDLW,large_airport,Dortmund Airport,425.0,EU,DE,DE-NW,Dortmund,EDLW,DTM,,"7.61223983765, 51.51829910279999"
EDMA,medium_airport,Augsburg Airport,1516.0,EU,DE,DE-BY,Augsburg,EDMA,AGB,,"10.931667, 48.425278"
EDMO,medium_airport,Oberpfaffenhofen Airport,1947.0,EU,DE,DE-BY,,EDMO,OBF,,"11.2831, 48.081402"
EDMS,small_airport,Straubing Airport,1047.0,EU,DE,DE-BY,Straubing,EDMS,RBM,,"12.516667366027832, 48.90083312988281"
EDNY,medium_airport,Friedrichshafen Airport,1367.0,EU,DE,DE-BW,Friedrichshafen,EDNY,FDH,,"9.51148986816, 47.671298980699994"
EDOP,medium_airport,Schwerin Parchim Airport,166.0,EU,DE,DE-MV,,EDOP,SZW,,"11.7834, 53.426998"
EDQD,medium_airport,Bayreuth Airport,1601.0,EU,DE,DE-BY,Bayreuth,EDQD,BYU,,"11.64, 49.985001"
EDQE,small_airport,Burg Feuerstein Airport,1673.0,EU,DE,DE-BY,Ebermannstadt,EDQE,URD,,"11.133610725403, 49.794166564941"
EDQG,small_airport,Giebelstadt Airport,981.0,EU,DE,DE-BY,Giebelstadt,EDQG,GHF,,"9.966388702390002, 49.6480560303"
EDQM,medium_airport,Hof-Plauen Airport,1959.0,EU,DE,DE-BY,Hof,EDQM,HOQ,,"11.856389045715332, 50.288612365722656"
EDRB,small_airport,Bitburg Airport,1220.0,EU,DE,DE-RP,Bitburg,EDRB,BBJ,,"6.565, 49.945278"
EDRZ,small_airport,ZweibrÃ¼cken Airport,1132.0,EU,DE,DE-RP,ZweibrÃ¼cken,EDRZ,ZQW,,"7.40056, 49.2094"
EDSB,large_airport,Karlsruhe Baden-Baden Airport,408.0,EU,DE,DE-BW,Baden-Baden,EDSB,FKB,,"8.08049964905, 48.7793998718"
EDTD,medium_airport,Donaueschingen-Villingen Airport,2231.0,EU,DE,DE-BW,Donaueschingen,EDTD,ZQL,,"8.52222156525, 47.97333145139999"
EDTL,medium_airport,Lahr Airport,511.0,EU,DE,DE-BW,,EDTL,LHA,,"7.82772016525, 48.3693008423"
EDVE,medium_airport,Braunschweig-Wolfsburg Airport,295.0,EU,DE,DE-NI,Braunschweig,EDVE,BWE,,"10.5561, 52.319199"
EDVK,medium_airport,Kassel-Calden Airport,820.0,EU,DE,DE-HE,Kassel,EDVK,KSF,,"9.384967, 51.417273"
EDWB,closed,Bremerhaven Airport,10.0,EU,DE,DE-HB,Bremerhaven,EDWB,BRV,,"8.572778, 53.506943"
EDWD,closed,Lemwerder Airport,20.0,EU,DE,DE-HB,Lemwerder,EDWD,XLW,,"8.62444, 53.144699"
EDWE,small_airport,Emden Airport,3.0,EU,DE,DE-NI,Emden,EDWE,EME,,"7.2275, 53.391109"
EDWG,small_airport,Wangerooge Airport,7.0,EU,DE,DE-NI,Wangerooge,EDWG,AGE,,"7.913888931274414, 53.782779693603516"
EDWI,small_airport,Wilhelmshaven-Mariensiel Airport,16.0,EU,DE,DE-NI,Wilhelmshaven,EDWI,WVN,,"8.05222225189209, 53.502220153808594"
EDWJ,small_airport,Juist Airport,7.0,EU,DE,DE-NI,Juist,EDWJ,JUI,,"7.055832862854004, 53.68111038208008"
EDWL,small_airport,Langeoog Airport,7.0,EU,DE,DE-NI,Langeoog,EDWL,LGO,,"7.497777938842773, 53.74250030517578"
EDWR,small_airport,Borkum Airport,3.0,EU,DE,DE-NI,Borkum,EDWR,BMK,,"6.709167, 53.59639"
EDWS,small_airport,Norden-Norddeich Airport,3.0,EU,DE,DE-NI,Norddeich,EDWS,NOD,,"7.19027805328, 53.633056640599996"
EDWU,small_airport,Varrelbusch Airport,128.0,EU,DE,DE-NI,Cloppenburg,EDWU,VAC,,"8.040556, 52.908333"
EDWY,small_airport,Norderney Airport,7.0,EU,DE,DE-NI,Norderney,EDWY,NRD,,"7.23, 53.706944"
EDWZ,small_airport,Baltrum Airport,7.0,EU,DE,DE-NI,Baltrum,EDWZ,BMR,,"7.373332977294922, 53.72472381591797"
EDXB,small_airport,Heide-BÃ¼sum Airport,7.0,EU,DE,DE-SH,BÃ¼sum,EDXB,HEI,,"8.90166664124, 54.153331756600004"
EDXF,small_airport,Flensburg-SchÃ¤ferhaus Airport,131.0,EU,DE,DE-SH,Flensburg,EDXF,FLF,,"9.378889083862305, 54.77333450317383"
EDXH,small_airport,Helgoland-DÃ¼ne Airport,8.0,EU,DE,DE-SH,Helgoland,EDXH,HGL,,"7.91583299637, 54.185279846200004"
EDXJ,small_airport,Husum-Schwesing Airport,62.0,EU,DE,DE-SH,Husum,EDXJ,QHU,,"9.138333320620001, 54.5099983215"
EDXO,small_airport,St. Peter-Ording Airport,7.0,EU,DE,DE-SH,Sankt Peter-Ording,EDXO,PSH,,"8.686944007873535, 54.30888748168945"
EDXW,medium_airport,Westerland Sylt Airport,51.0,EU,DE,DE-SH,Westerland,EDXW,GWT,,"8.34047031403, 54.9132003784"
EDXY,small_airport,Wyk auf FÃ¶hr Airport,26.0,EU,DE,DE-SH,Wyk auf FÃ¶hr,EDXY,OHR,,"8.528332710266113, 54.684444427490234"
EEKA,medium_airport,KÃ¤rdla Airport,18.0,EU,EE,EE-39,KÃ¤rdla,EEKA,KDL,,"22.830699920654297, 58.99079895019531"
EEKE,medium_airport,Kuressaare Airport,14.0,EU,EE,EE-74,Kuressaare,EEKE,URE,,"22.50950050354004, 58.22990036010742"
EEPU,medium_airport,PÃ¤rnu Airport,47.0,EU,EE,EE-67,PÃ¤rnu,EEPU,EPU,,"24.47279930114746, 58.41899871826172"
EETN,large_airport,Lennart Meri Tallinn Airport,131.0,EU,EE,EE-37,Tallinn,EETN,TLL,,"24.832799911499997, 59.41329956049999"
EETU,medium_airport,Tartu Airport,219.0,EU,EE,EE-7B,Tartu,EETU,TAY,,"26.690399169900004, 58.3074989319"
EFET,medium_airport,Enontekio Airport,1005.0,EU,FI,FI-LL,Enontekio,EFET,ENF,,"23.424299240112, 68.362602233887"
EFG,small_airport,Efogi Airport,3900.0,OC,PG,PG-CPM,Efogi,AYEF,EFG,EFO,"147.659805556, -9.15380555556"
EFHA,medium_airport,Halli Airport,479.0,EU,FI,FI-LS,Halli / Kuorevesi,EFHA,KEV,,"24.786686, 61.856039"
EFHF,medium_airport,Helsinki Malmi Airport,57.0,EU,FI,FI-ES,Helsinki,EFHF,HEM,,"25.042800903320312, 60.254600524902344"
EFHK,large_airport,Helsinki Vantaa Airport,179.0,EU,FI,FI-ES,Helsinki,EFHK,HEL,,"24.963300704956, 60.317199707031"
EFHV,small_airport,HyvinkÃ¤Ã¤ Airfield,430.0,EU,FI,FI-ES,HyvinkÃ¤Ã¤,EFHV,HYV,,"24.8810997009, 60.6543998718"
EFIT,medium_airport,Kitee Airport,364.0,EU,FI,FI-IS,,EFIT,KTQ,,"30.073601, 62.1661"
EFIV,medium_airport,Ivalo Airport,481.0,EU,FI,FI-LL,Ivalo,EFIV,IVL,,"27.405300140381, 68.607299804688"
EFJO,medium_airport,Joensuu Airport,398.0,EU,FI,FI-IS,Joensuu / Liperi,EFJO,JOE,,"29.607500076294, 62.662899017334"
EFJY,medium_airport,Jyvaskyla Airport,459.0,EU,FI,FI-LS,JyvÃ¤skylÃ¤n Maalaiskunta,EFJY,JYV,,"25.678300857544, 62.399501800537"
EFKA,medium_airport,Kauhava Airport,151.0,EU,FI,FI-LS,Kauhava,EFKA,KAU,,"23.051399, 63.127102"
EFKE,medium_airport,Kemi-Tornio Airport,61.0,EU,FI,FI-LL,Kemi / Tornio,EFKE,KEM,,"24.582099914551, 65.778701782227"
EFKI,medium_airport,Kajaani Airport,483.0,EU,FI,FI-OL,Kajaani,EFKI,KAJ,,"27.692399978638, 64.285499572754"
EFKJ,medium_airport,Kauhajoki Airport,407.0,EU,FI,FI-LS,,EFKJ,KHJ,,"22.3931007385, 62.4625015259"
EFKK,medium_airport,Kokkola-Pietarsaari Airport,84.0,EU,FI,FI-LS,Kokkola / Kruunupyy,EFKK,KOK,,"23.143100738525, 63.721199035645"
EFKS,medium_airport,Kuusamo Airport,866.0,EU,FI,FI-OL,Kuusamo,EFKS,KAO,,"29.239400863647, 65.987602233887"
EFKT,medium_airport,KittilÃ¤ Airport,644.0,EU,FI,FI-LL,KittilÃ¤,EFKT,KTT,,"24.846799850464, 67.700996398926"
EFKU,medium_airport,Kuopio Airport,323.0,EU,FI,FI-IS,Kuopio / SiilinjÃ¤rvi,EFKU,KUO,,"27.797800064087, 63.007099151611"
EFLA,small_airport,Lahti Vesivehmaa Airport,502.0,EU,FI,FI-ES,,EFLA,QLF,,"25.693501, 61.144199"
EFLP,medium_airport,Lappeenranta Airport,349.0,EU,FI,FI-ES,Lappeenranta,EFLP,LPP,,"28.144743, 61.044601"
EFMA,medium_airport,Mariehamn Airport,17.0,EU,FI,FI-AL,,EFMA,MHQ,,"19.898199081421, 60.122200012207"
EFMI,medium_airport,Mikkeli Airport,329.0,EU,FI,FI-IS,Mikkeli,EFMI,MIK,,"27.201799, 61.6866"
EFOU,medium_airport,Oulu Airport,47.0,EU,FI,FI-OL,Oulu / Oulunsalo,EFOU,OUL,,"25.354600906372, 64.930099487305"
EFPO,medium_airport,Pori Airport,44.0,EU,FI,FI-LS,Pori,EFPO,POR,,"21.799999237061, 61.461700439453"
EFRO,medium_airport,Rovaniemi Airport,642.0,EU,FI,FI-LL,Rovaniemi,EFRO,RVN,,"25.830400466919, 66.564796447754"
EFSA,medium_airport,Savonlinna Airport,311.0,EU,FI,FI-IS,Savonlinna,EFSA,SVL,,"28.945100784302, 61.943099975586"
EFSI,medium_airport,SeinÃ¤joki Airport,302.0,EU,FI,FI-LS,SeinÃ¤joki / Ilmajoki,EFSI,SJY,,"22.8323, 62.692101"
EFSO,medium_airport,Sodankyla Airport,602.0,EU,FI,FI-LL,Sodankyla,EFSO,SOT,,"26.6191005707, 67.3949966431"
EFTP,medium_airport,Tampere-Pirkkala Airport,390.0,EU,FI,FI-LS,Tampere / Pirkkala,EFTP,TMP,,"23.604400634766, 61.414100646973"
EFTU,medium_airport,Turku Airport,161.0,EU,FI,FI-LS,Turku,EFTU,TKU,,"22.262800216675, 60.514099121094"
EFUT,medium_airport,Utti Air Base,339.0,EU,FI,FI-ES,Utti / Valkeala,EFUT,UTI,,"26.938400268555, 60.89640045166"
EFVA,medium_airport,Vaasa Airport,19.0,EU,FI,FI-LS,Vaasa,EFVA,VAA,,"21.762199401855, 63.050701141357"
EFVR,medium_airport,Varkaus Airport,286.0,EU,FI,FI-IS,Varkaus / Joroinen,EFVR,VRK,,"27.868600845337, 62.171100616455"
EFYL,medium_airport,Ylivieska Airfield,252.0,EU,FI,FI-OL,,EFYL,YLI,,"24.7252778, 64.0547222"
EHAM,large_airport,Amsterdam Airport Schiphol,-11.0,EU,NL,NL-NH,Amsterdam,EHAM,AMS,,"4.76389, 52.308601"
EHBK,medium_airport,Maastricht Aachen Airport,375.0,EU,NL,NL-LI,Maastricht,EHBK,MST,,"5.77014, 50.911701"
EHEH,large_airport,Eindhoven Airport,74.0,EU,NL,NL-NB,Eindhoven,EHEH,EIN,,"5.37452983856, 51.4500999451"
EHGG,medium_airport,Eelde Airport,17.0,EU,NL,NL-DR,Groningen,EHGG,GRQ,,"6.57944011688, 53.1197013855"
EHGR,medium_airport,Gilze Rijen Air Base,49.0,EU,NL,NL-NB,Breda,EHGR,GLZ,,"4.931829929351807, 51.56740188598633"
EHKD,medium_airport,De Kooy Airport,3.0,EU,NL,NL-NH,Den Helder,EHKD,DHR,,"4.780620098114014, 52.92340087890625"
EHLE,medium_airport,Lelystad Airport,-13.0,EU,NL,NL-FL,Lelystad,EHLE,LEY,,"5.52722, 52.4603"
EHLW,medium_airport,Leeuwarden Air Base,3.0,EU,NL,NL-FR,Leeuwarden,EHLW,LWR,,"5.760560035705566, 53.228599548339844"
EHRD,medium_airport,Rotterdam The Hague Airport,-15.0,EU,NL,NL-ZH,Rotterdam,EHRD,RTM,,"4.43722, 51.956902"
EHSB,closed,Soesterberg Air Base,66.0,EU,NL,NL-UT,Soesterberg,EHSB,UTC,,"5.27619, 52.1273"
EHTW,medium_airport,Twente Airport,114.0,EU,NL,NL-OV,Enschede,EHTW,ENS,,"6.889167, 52.275833"
EHVB,closed,Valkenburg Naval Air Base,1.0,EU,NL,NL-ZH,Leiden,EHVB,LID,,"4.41794013977, 52.166099548300004"
EHWO,medium_airport,Woensdrecht Air Base,63.0,EU,NL,NL-NB,Bergen Op Zoom,EHWO,WOE,,"4.34203, 51.4491"
EKAH,medium_airport,Aarhus Airport,82.0,EU,DK,DK-82,Aarhus,EKAH,AAR,,"10.619000434899998, 56.2999992371"
EKBI,large_airport,Billund Airport,247.0,EU,DK,DK-83,Billund,EKBI,BLL,,"9.15178012848, 55.7402992249"
EKCH,large_airport,Copenhagen Kastrup Airport,17.0,EU,DK,DK-84,Copenhagen,EKCH,CPH,,"12.656000137329, 55.617900848389"
EKEB,medium_airport,Esbjerg Airport,97.0,EU,DK,DK-83,Esbjerg,EKEB,EBJ,,"8.5534, 55.525902"
EKKA,medium_airport,Karup Airport,170.0,EU,DK,DK-82,Karup,EKKA,KRP,,"9.124629974365234, 56.29750061035156"
EKLS,small_airport,LÃ¦sÃ¸ Airport,25.0,EU,DK,DK-81,LÃ¦sÃ¸,EKLS,BYR,,"11.000100135803223, 57.277198791503906"
EKMB,medium_airport,Lolland Falster Maribo Airport,16.0,EU,DK,DK-85,Lolland Falster / Maribo,EKMB,MRW,,"11.4401, 54.699299"
EKOD,medium_airport,Odense Airport,56.0,EU,DK,DK-83,Odense,EKOD,ODE,,"10.330900192260742, 55.47669982910156"
EKRK,medium_airport,Copenhagen Roskilde Airport,146.0,EU,DK,DK-85,Copenhagen,EKRK,RKE,,"12.131400108337402, 55.585601806640625"
EKRN,medium_airport,Bornholm Airport,52.0,EU,DK,DK-84,RÃ¸nne,EKRN,RNN,,"14.759599685668945, 55.06330108642578"
EKSB,medium_airport,SÃ¸nderborg Airport,24.0,EU,DK,DK-83,SÃ¸nderborg,EKSB,SGD,,"9.791729927062988, 54.96440124511719"
EKSN,medium_airport,Sindal Airport,92.0,EU,DK,DK-81,Sindal,EKSN,CNL,,"10.2294, 57.503502"
EKSP,medium_airport,Skrydstrup Air Base,141.0,EU,DK,DK-83,Vojens,EKSP,SKS,,"9.26702, 55.221048"
EKSV,medium_airport,Skive Airport,74.0,EU,DK,DK-82,Skive,EKSV,SQW,,"9.172980308532715, 56.550201416015625"
EKTS,medium_airport,Thisted Airport,23.0,EU,DK,DK-81,Thisted,EKTS,TED,,"8.705220222473145, 57.06880187988281"
EKVG,medium_airport,Vagar Airport,280.0,EU,FO,FO-U-A,Vagar,EKVG,FAE,,"-7.277219772338867, 62.0635986328125"
EKVJ,medium_airport,Stauning Airport,17.0,EU,DK,DK-82,Skjern / RingkÃ¸bing,EKVJ,STA,,"8.353910446166992, 55.9901008605957"
EKYT,large_airport,Aalborg Airport,10.0,EU,DK,DK-81,Aalborg,EKYT,AAL,,"9.84924316406, 57.0927589138"
EK_4,small_airport,VejrÃ¸,,EU,DK,DK-85,,EK_4,-,-,"11.375, 55.035"
ELLX,large_airport,Luxembourg-Findel International Airport,1234.0,EU,LU,LU-L,Luxembourg,ELLX,LUX,,"6.2044444, 49.6233333"
ENAL,medium_airport,Ãlesund Airport,69.0,EU,NO,NO-15,Ãlesund,ENAL,AES,,"6.119699954986572, 62.5625"
ENAN,medium_airport,AndÃ¸ya Airport,43.0,EU,NO,NO-18,Andenes,ENAN,ANX,,"16.144199371338, 69.292503356934"
ENAT,medium_airport,Alta Airport,9.0,EU,NO,NO-20,Alta,ENAT,ALF,,"23.371700286865, 69.976097106934"
ENBL,small_airport,FÃ¸rde Airport,1046.0,EU,NO,NO-14,FÃ¸rde,ENBL,FDE,,"5.7569398880005, 61.391101837158"
ENBN,medium_airport,BrÃ¸nnÃ¸ysund Airport,25.0,EU,NO,NO-18,BrÃ¸nnÃ¸y,ENBN,BNN,,"12.217499732971, 65.461097717285"
ENBO,large_airport,BodÃ¸ Airport,42.0,EU,NO,NO-18,BodÃ¸,ENBO,BOO,,"14.365300178527832, 67.26920318603516"
ENBR,large_airport,Bergen Airport Flesland,170.0,EU,NO,NO-12,Bergen,ENBR,BGO,,"5.218140125, 60.29339981"
ENBS,medium_airport,BÃ¥tsfjord Airport,490.0,EU,NO,NO-20,BÃ¥tsfjord,ENBS,BJF,,"29.691400527954, 70.60050201416"
ENBV,medium_airport,BerlevÃ¥g Airport,42.0,EU,NO,NO-20,BerlevÃ¥g,ENBV,BVG,,"29.034201, 70.871399"
ENCN,medium_airport,Kristiansand Airport,57.0,EU,NO,NO-10,Kjevik,ENCN,KRS,,"8.08537, 58.204201"
ENDI,small_airport,Geilo Airport Dagali,2618.0,EU,NO,NO-06,Dagali,ENDI,DLD,,"8.518349647521973, 60.417301177978516"
ENDU,medium_airport,Bardufoss Airport,252.0,EU,NO,NO-19,MÃ¥lselv,ENDU,BDU,,"18.540399551392, 69.055801391602"
ENEV,medium_airport,"Harstad/Narvik Airport, Evenes",84.0,EU,NO,NO-18,Evenes,ENEV,EVE,,"16.678100585938, 68.491302490234"
ENFB,closed,"Oslo, Fornebu Airport",,EU,NO,NO-03,Oslo,ENFB,FBU,,"10.617199897766113, 59.89580154418945"
ENFG,medium_airport,Leirin Airport,2697.0,EU,NO,NO-05,,ENFG,VDB,,"9.2880601882935, 61.015598297119"
ENFL,medium_airport,FlorÃ¸ Airport,37.0,EU,NO,NO-14,FlorÃ¸,ENFL,FRO,,"5.0247201919556, 61.583599090576"
ENGM,large_airport,Oslo Gardermoen Airport,681.0,EU,NO,NO-02,Oslo,ENGM,OSL,,"11.100399971008, 60.193901062012"
ENHA,small_airport,Stafsberg Airport,713.0,EU,NO,NO-04,Hamar,ENHA,HMR,,"11.067999839782715, 60.81809997558594"
ENHD,medium_airport,Haugesund Airport,86.0,EU,NO,NO-11,KarmÃ¸y,ENHD,HAU,,"5.2083601951599, 59.34529876709"
ENHF,medium_airport,Hammerfest Airport,266.0,EU,NO,NO-20,Hammerfest,ENHF,HFT,,"23.668600082397, 70.679702758789"
ENHK,small_airport,Hasvik Airport,21.0,EU,NO,NO-20,Hasvik,ENHK,HAA,,"22.139699935913, 70.486701965332"
ENHV,medium_airport,Valan Airport,44.0,EU,NO,NO-20,HonningsvÃ¥g,ENHV,HVG,,"25.983600616455, 71.009696960449"
ENKA,small_airport,Kautokeino Air Base,1165.0,EU,NO,NO-20,,ENKA,QKX,,"23.034000396728516, 69.04029846191406"
ENKB,medium_airport,Kristiansund Airport (Kvernberget),204.0,EU,NO,NO-15,Kvernberget,ENKB,KSU,,"7.824520111084, 63.111801147461"
ENKL,small_airport,Gol Airport,2770.0,EU,NO,NO-06,Klanten flyplass,ENKL,GLL,,"9.048672, 60.791066"
ENKR,medium_airport,Kirkenes Airport (HÃ¸ybuktmoen),283.0,EU,NO,NO-20,Kirkenes,ENKR,KKN,,"29.891300201416, 69.725799560547"
ENLI,small_airport,Lista Airport,29.0,EU,NO,NO-10,Farsund,ENLI,FAN,,"6.626049995422363, 58.0994987487793"
ENLK,medium_airport,Leknes Airport,78.0,EU,NO,NO-18,Leknes,ENLK,LKN,,"13.609399795532, 68.152496337891"
ENMH,medium_airport,Mehamn Airport,39.0,EU,NO,NO-20,Mehamn,ENMH,MEH,,"27.826700210571, 71.02970123291"
ENML,medium_airport,Molde Airport,10.0,EU,NO,NO-15,ÃrÃ¸,ENML,MOL,,"7.2624998092651, 62.744701385498"
ENMS,medium_airport,MosjÃ¸en Airport (KjÃ¦rstad),237.0,EU,NO,NO-18,,ENMS,MJF,,"13.214900016785, 65.783996582031"
ENNA,medium_airport,Banak Airport,25.0,EU,NO,NO-20,Lakselv,ENNA,LKL,,"24.973499298096, 70.068801879883"
ENNK,medium_airport,Narvik Framnes Airport,95.0,EU,NO,NO-18,Narvik,ENNK,NVK,,"17.386699676514, 68.436897277832"
ENNM,small_airport,Namsos HÃ¸knesÃ¸ra Airport,7.0,EU,NO,NO-17,Namsos,ENNM,OSY,,"11.57859992981, 64.472198486328"
ENNO,medium_airport,Notodden Airport,63.0,EU,NO,NO-08,Notodden,ENNO,NTB,,"9.21222, 59.565701"
ENOL,medium_airport,Ãrland Airport,28.0,EU,NO,NO-16,Ãrland,ENOL,OLA,,"9.604000091552734, 63.69889831542969"
ENOV,medium_airport,"Ãrsta-Volda Airport, Hovden",243.0,EU,NO,NO-15,Ãrsta,ENOV,HOV,,"6.0741000175476, 62.180000305176"
ENRA,medium_airport,"Mo i Rana Airport, RÃ¸ssvoll",229.0,EU,NO,NO-18,Mo i Rana,ENRA,MQN,,"14.301400184631, 66.363899230957"
ENRM,medium_airport,"RÃ¸rvik Airport, Ryum",14.0,EU,NO,NO-17,RÃ¸rvik,ENRM,RVK,,"11.14610004425, 64.838302612305"
ENRO,medium_airport,RÃ¸ros Airport,2054.0,EU,NO,NO-16,RÃ¸ros,ENRO,RRS,,"11.342300415039, 62.578399658203"
ENRS,small_airport,RÃ¸st Airport,7.0,EU,NO,NO-18,,ENRS,RET,,"12.103300094604, 67.527801513672"
ENRY,medium_airport,"Moss Airport, Rygge",174.0,EU,NO,NO-01,Oslo,ENRY,RYG,,"10.785439, 59.378817"
ENSB,medium_airport,"Svalbard Airport, Longyear",88.0,EU,NO,NO-21,Longyearbyen,ENSB,LYR,,"15.465600013733, 78.246101379395"
ENSD,small_airport,Sandane Airport (Anda),196.0,EU,NO,NO-14,Sandane,ENSD,SDN,,"6.1058301925659, 61.830001831055"
ENSG,small_airport,Sogndal Airport,1633.0,EU,NO,NO-14,Sogndal,ENSG,SOG,,"7.13778, 61.156101"
ENSH,medium_airport,SvolvÃ¦r Helle Airport,27.0,EU,NO,NO-18,SvolvÃ¦r,ENSH,SVJ,,"14.669199943542, 68.243301391602"
ENSK,medium_airport,Stokmarknes Skagen Airport,11.0,EU,NO,NO-18,Hadsel,ENSK,SKN,,"15.033416748047, 68.578826904297"
ENSN,medium_airport,Skien Airport,463.0,EU,NO,NO-08,Geiteryggen,ENSN,SKE,,"9.566940307617188, 59.185001373291016"
ENSO,medium_airport,Stord Airport,160.0,EU,NO,NO-12,Leirvik,ENSO,SRP,,"5.340849876403809, 59.791900634765625"
ENSR,medium_airport,SÃ¸rkjosen Airport,16.0,EU,NO,NO-19,SÃ¸rkjosen,ENSR,SOJ,,"20.959400177002, 69.786796569824"
ENSS,medium_airport,"VardÃ¸ Airport, Svartnes",42.0,EU,NO,NO-20,VardÃ¸,ENSS,VAW,,"31.044900894165, 70.355400085449"
ENST,medium_airport,SandnessjÃ¸en Airport (Stokka),56.0,EU,NO,NO-18,Alstahaug,ENST,SSJ,,"12.468899726868, 65.956802368164"
ENTC,large_airport,TromsÃ¸ Airport,31.0,EU,NO,NO-19,TromsÃ¸,ENTC,TOS,,"18.918899536132812, 69.68329620361328"
ENTO,medium_airport,"Sandefjord Airport, Torp",286.0,EU,NO,NO-07,Torp,ENTO,TRF,,"10.258600235, 59.1866989136"
ENVA,large_airport,Trondheim Airport VÃ¦rnes,56.0,EU,NO,NO-17,Trondheim,ENVA,TRD,,"10.9239998, 63.4578018"
ENVD,medium_airport,VadsÃ¸ Airport,127.0,EU,NO,NO-20,VadsÃ¸,ENVD,VDS,,"29.844699859619, 70.065299987793"
ENVR,heliport,VÃ¦rÃ¸y Heliport,12.0,EU,NO,NO-18,VÃ¦rÃ¸y,ENVR,VRY,,"12.727257, 67.654555"
ENZV,large_airport,Stavanger Airport Sola,29.0,EU,NO,NO-11,Stavanger,ENZV,SVG,,"5.6377801895, 58.876701354"
EPBP,medium_airport,BiaÅa Podlaska Airfield,485.0,EU,PL,PL-LU,BiaÅa Podlaska,EPBP,BXP,,"23.1325278, 52.00078"
EPBY,medium_airport,Bydgoszcz Ignacy Jan Paderewski Airport,235.0,EU,PL,PL-KP,Bydgoszcz,EPBY,BZG,,"17.9776992798, 53.096801757799994"
EPCH,small_airport,CzÄstochowa-Rudniki,860.0,EU,PL,PL-SL,CzÄstochowa,EPRU,CZW,,"19.2047, 50.884998"
EPGD,large_airport,GdaÅsk Lech WaÅÄsa Airport,489.0,EU,PL,PL-PM,GdaÅsk,EPGD,GDN,,"18.46619987487793, 54.377601623535156"
EPKK,large_airport,KrakÃ³w John Paul II International Airport,791.0,EU,PL,PL-MA,KrakÃ³w,EPKK,KRK,,"19.7848, 50.077702"
EPKO,small_airport,Koszalin Zegrze Pomorskie,249.0,EU,PL,PL-ZP,Zegrze Pomorskie,EPKZ,OSZ,,"16.2656, 54.0425"
EPKT,large_airport,Katowice International Airport,995.0,EU,PL,PL-SL,Katowice,EPKT,KTW,,"19.08, 50.4743"
EPKW,small_airport,Bielsko-Bialo Kaniow Airfield,1316.0,EU,PL,PL-SL,Czechowice-Dziedzice,EPKW,QEO,,"19.021999359099997, 49.9399986267"
EPLL,medium_airport,ÅÃ³dÅº WÅadysÅaw Reymont Airport,604.0,EU,PL,PL-LD,ÅÃ³dÅº,EPLL,LCJ,,"19.3980998993, 51.721900939899996"
EPMO,large_airport,Modlin Airport,341.0,EU,PL,PL-MZ,Warsaw,EPMO,WMI,,"20.6518, 52.451099"
EPOK,medium_airport,Oksywie Military Air Base,144.0,EU,PL,PL-PM,Gdynia,EPOK,QYD,,"18.51720047, 54.57970047"
EPPO,large_airport,PoznaÅ-Åawica Airport,308.0,EU,PL,PL-WP,PoznaÅ,EPPO,POZ,,"16.8262996674, 52.421001434299995"
EPRA,medium_airport,Radom Airport,610.0,EU,PL,PL-MZ,Radom,EPRA,RDO,,"21.213300705, 51.3891983032"
EPRZ,medium_airport,RzeszÃ³w-Jasionka Airport,693.0,EU,PL,PL-PK,RzeszÃ³w,EPRZ,RZE,,"22.018999, 50.110001"
EPSC,medium_airport,"Szczecin-GoleniÃ³w ""SolidarnoÅÄ"" Airport",154.0,EU,PL,PL-ZP,Goleniow,EPSC,SZZ,,"14.902199745199999, 53.584701538100006"
EPSK,closed,Redzikowo Air Base,217.0,EU,PL,PL-PM,,EPSK,OSP,,"17.107500076293945, 54.47890090942383"
EPSY,medium_airport,Olsztyn-Mazury Airport,463.0,EU,PL,PL-WN,Olsztyn,EPSY,SZY,,"20.9377, 53.481899"
EPWA,large_airport,Warsaw Chopin Airport,362.0,EU,PL,PL-MZ,Warsaw,EPWA,WAW,,"20.967100143399996, 52.1656990051"
EPWR,large_airport,Copernicus WrocÅaw Airport,404.0,EU,PL,PL-DS,WrocÅaw,EPWR,WRO,,"16.885799408, 51.1026992798"
EPZG,medium_airport,Zielona GÃ³ra-Babimost Airport,194.0,EU,PL,PL-LB,Babimost,EPZG,IEG,,"15.7986001968, 52.138500213600004"
ESDF,medium_airport,Ronneby Airport,191.0,EU,SE,SE-K,,ESDF,RNB,,"15.265000343323, 56.266700744629"
ESGG,large_airport,Gothenburg-Landvetter Airport,506.0,EU,SE,SE-Q,Gothenburg,ESGG,GOT,,"12.279800415039, 57.662799835205"
ESGJ,medium_airport,JÃ¶nkÃ¶ping Airport,741.0,EU,SE,SE-F,JÃ¶nkÃ¶ping,ESGJ,JKG,,"14.068699836730957, 57.757598876953125"
ESGL,small_airport,LidkÃ¶ping-Hovby Airport,200.0,EU,SE,SE-Q,LidkÃ¶ping,ESGL,LDK,,"13.1744, 58.4655"
ESGP,medium_airport,Gothenburg City Airport,59.0,EU,SE,SE-Q,Gothenburg,ESGP,GSE,,"11.8704, 57.7747"
ESGR,medium_airport,SkÃ¶vde Airport,324.0,EU,SE,SE-Q,SkÃ¶vde,ESGR,KVB,,"13.972700119018555, 58.45640182495117"
ESGT,medium_airport,TrollhÃ¤ttan-VÃ¤nersborg Airport,137.0,EU,SE,SE-Q,TrollhÃ¤ttan,ESGT,THN,,"12.345000267028809, 58.31809997558594"
ESKK,medium_airport,Karlskoga Airport,400.0,EU,SE,SE-T,,ESKK,KSK,,"14.49590015411377, 59.34590148925781"
ESKM,medium_airport,Mora Airport,634.0,EU,SE,SE-W,Mora,ESKM,MXX,,"14.5114, 60.957901"
ESKN,medium_airport,Stockholm Skavsta Airport,140.0,EU,SE,SE-D,Stockholm / NykÃ¶ping,ESKN,NYO,,"16.912200927734375, 58.78860092163086"
ESMK,medium_airport,Kristianstad Airport,76.0,EU,SE,SE-M,Kristianstad,ESMK,KID,,"14.08549976348877, 55.92169952392578"
ESMO,small_airport,Oskarshamn Airport,96.0,EU,SE,SE-H,,ESMO,OSK,,"16.497999, 57.350498"
ESMQ,medium_airport,Kalmar Airport,17.0,EU,SE,SE-H,,ESMQ,KLR,,"16.287599563598633, 56.68550109863281"
ESMS,large_airport,MalmÃ¶ Sturup Airport,236.0,EU,SE,SE-M,MalmÃ¶,ESMS,MMX,,"13.376197814900001, 55.536305364"
ESMT,medium_airport,Halmstad Airport,101.0,EU,SE,SE-N,Halmstad,ESMT,HAD,,"12.820199966430664, 56.69110107421875"
ESMX,medium_airport,VÃ¤xjÃ¶ Kronoberg Airport,610.0,EU,SE,SE-G,VÃ¤xjÃ¶,ESMX,VXO,,"14.727999687194824, 56.929100036621094"
ESND,medium_airport,Sveg Airport,1178.0,EU,SE,SE-Z,,ESND,EVG,,"14.422900199890137, 62.04779815673828"
ESNG,medium_airport,GÃ¤llivare Airport,1027.0,EU,SE,SE-BD,GÃ¤llivare,ESNG,GEV,,"20.814599990844727, 67.13240051269531"
ESNH,closed,Hudiksvall Airport,95.0,EU,SE,SE-X,Hudiksvall,ESNH,HUV,,"17.0806999207, 61.7681007385"
ESNK,medium_airport,Kramfors SollefteÃ¥ Airport,34.0,EU,SE,SE-Y,Kramfors / SollefteÃ¥,ESNK,KRF,,"17.76889991760254, 63.04859924316406"
ESNL,medium_airport,Lycksele Airport,705.0,EU,SE,SE-AC,,ESNL,LYC,,"18.71619987487793, 64.54830169677734"
ESNN,medium_airport,Sundsvall-HÃ¤rnÃ¶sand Airport,16.0,EU,SE,SE-Y,Sundsvall/ HÃ¤rnÃ¶sand,ESNN,SDL,,"17.443899154663086, 62.528099060058594"
ESNO,medium_airport,ÃrnskÃ¶ldsvik Airport,354.0,EU,SE,SE-Y,ÃrnskÃ¶ldsvik,ESNO,OER,,"18.989999771118164, 63.40829849243164"
ESNQ,medium_airport,Kiruna Airport,1508.0,EU,SE,SE-BD,Kiruna,ESNQ,KRN,,"20.336799621582, 67.821998596191"
ESNS,medium_airport,SkellefteÃ¥ Airport,157.0,EU,SE,SE-AC,SkellefteÃ¥,ESNS,SFT,,"21.076900482177734, 64.62480163574219"
ESNU,medium_airport,UmeÃ¥ Airport,24.0,EU,SE,SE-AC,UmeÃ¥,ESNU,UME,,"20.282800674438, 63.791801452637"
ESNV,medium_airport,Vilhelmina Airport,1140.0,EU,SE,SE-AC,,ESNV,VHM,,"16.833599090576172, 64.5791015625"
ESNX,medium_airport,Arvidsjaur Airport,1245.0,EU,SE,SE-BD,Arvidsjaur,ESNX,AJR,,"19.28190040588379, 65.59030151367188"
ESNY,medium_airport,SÃ¶derhamn Airport,88.0,EU,SE,SE-X,SÃ¶derhamn,ESNY,SOO,,"17.09910011291504, 61.26150131225586"
ESNZ,medium_airport,Ãre Ãstersund Airport,1233.0,EU,SE,SE-Z,Ãstersund,ESNZ,OSD,,"14.50030040741, 63.194400787354"
ESOE,medium_airport,Ãrebro Airport,188.0,EU,SE,SE-T,Ãrebro,ESOE,ORB,,"15.038000106811523, 59.22370147705078"
ESOH,medium_airport,Hagfors Airport,474.0,EU,SE,SE-S,,ESOH,HFS,,"13.578900337219238, 60.02009963989258"
ESOK,medium_airport,Karlstad Airport,352.0,EU,SE,SE-S,Karlstad,ESOK,KSD,,"13.337400436400001, 59.444698333699996"
ESOW,medium_airport,Stockholm VÃ¤sterÃ¥s Airport,21.0,EU,SE,SE-U,Stockholm / VÃ¤sterÃ¥s,ESOW,VST,,"16.63360023498535, 59.58940124511719"
ESP,closed,Birchwood-Pocono Airport,965.0,,US,US-PA,East Stroudsburg,,ESP,,"-75.2521, 41.0643"
ESPA,large_airport,LuleÃ¥ Airport,65.0,EU,SE,SE-BD,LuleÃ¥,ESPA,LLA,,"22.121999740601, 65.543800354004"
ESSA,large_airport,Stockholm-Arlanda Airport,137.0,EU,SE,SE-AB,Stockholm,ESSA,ARN,,"17.918600082397, 59.651901245117"
ESSB,medium_airport,Stockholm-Bromma Airport,47.0,EU,SE,SE-AB,Stockholm,ESSB,BMA,,"17.941699981689453, 59.354400634765625"
ESSD,medium_airport,Borlange Airport,503.0,EU,SE,SE-W,,ESSD,BLE,,"15.515199661254883, 60.422000885009766"
ESSF,small_airport,Hultsfred Airport,366.0,EU,SE,SE-H,,ESSF,HLF,,"15.8233, 57.525799"
ESSK,medium_airport,GÃ¤vle Sandviken Airport,224.0,EU,SE,SE-X,GÃ¤vle / Sandviken,ESSK,GVX,,"16.951400756835938, 60.593299865722656"
ESSL,medium_airport,LinkÃ¶ping City Airport,172.0,EU,SE,SE-E,LinkÃ¶ping,ESSL,LPI,,"15.680500030500001, 58.4062004089"
ESSP,medium_airport,NorrkÃ¶ping Airport,32.0,EU,SE,SE-E,NorrkÃ¶ping,ESSP,NRK,,"16.250600814819336, 58.586299896240234"
ESST,medium_airport,Torsby Airport,393.0,EU,SE,SE-S,,ESST,TYF,,"12.991299629199998, 60.1576004028"
ESSU,medium_airport,Eskilstuna Airport,139.0,EU,SE,SE-D,Eskilstuna,ESSU,EKT,,"16.70840072631836, 59.35110092163086"
ESSV,medium_airport,Visby Airport,164.0,EU,SE,SE-I,Visby,ESSV,VBY,,"18.346200942993, 57.662799835205"
ESSW,small_airport,VÃ¤stervik Airport,,EU,SE,SE-H,VÃ¤stervik,ESSW,VVK,,"16.52359962463379, 57.779998779296875"
ESTA,medium_airport,Ãngelholm-Helsingborg Airport,68.0,EU,SE,SE-M,Ãngelholm,ESTA,AGH,,"12.847100257873535, 56.29610061645508"
ESUD,medium_airport,Storuman Airport,915.0,EU,SE,SE-AC,,ESUD,SQO,,"17.69659996032715, 64.96089935302734"
ESUE,small_airport,Idre Airport,,EU,SE,SE-W,Idre,ESUE,IDB,,"12.689399719238281, 61.86970138549805"
ESUP,medium_airport,Pajala Airport,542.0,EU,SE,SE-BD,,ESUP,PJA,,"23.068899154663086, 67.24559783935547"
ESUT,medium_airport,Hemavan Airport,1503.0,EU,SE,SE-AC,Hemavan,ESUT,HMV,,"15.0828, 65.806099"
EVDA,medium_airport,Daugavpils Intrenational Airport,398.0,EU,LV,LV-DA,Daugavpils,EVDA,DGP,,"26.6650009155, 55.944721221900004"
EVLA,medium_airport,LiepÄja International Airport,16.0,EU,LV,LV-LE,LiepÄja,EVLA,LPX,,"21.096900939941406, 56.51750183105469"
EVRA,large_airport,Riga International Airport,36.0,EU,LV,LV-RIX,Riga,EVRA,RIX,,"23.971099853515625, 56.92359924316406"
EVVA,medium_airport,Ventspils International Airport,19.0,EU,LV,LV-VEN,Ventspils,EVVA,VNT,,"21.5442008972, 57.35779953"
EYKA,medium_airport,Kaunas International Airport,256.0,EU,LT,LT-KU,Kaunas,EYKA,KUN,,"24.084800720214844, 54.96390151977539"
EYPA,medium_airport,Palanga International Airport,33.0,EU,LT,LT-KL,Palanga,EYPA,PLQ,,"21.093900680541992, 55.973201751708984"
EYPP,medium_airport,PanevÄÅ¾ys Air Base,197.0,EU,LT,LT-PN,PanevÄÅ¾ys,EYPP,PNV,,"24.460800170898438, 55.729400634765625"
EYSA,medium_airport,Å iauliai International Airport,443.0,EU,LT,LT-SA,Å iauliai,EYSA,SQQ,,"23.395000457763672, 55.89390182495117"
EYVI,large_airport,Vilnius International Airport,648.0,EU,LT,LT-VL,Vilnius,EYVI,VNO,,"25.285801, 54.634102"
LEAB,medium_airport,Albacete-Los Llanos Airport,2302.0,EU,ES,ES-CM,Albacete,LEAB,ABC,,"-1.8635200262099998, 38.9485015869"
LEAL,large_airport,Alicante International Airport,142.0,EU,ES,ES-V,Alicante,LEAL,ALC,,"-0.5581560134887695, 38.28219985961914"
LEAM,medium_airport,AlmerÃ­a International Airport,70.0,EU,ES,ES-AN,AlmerÃ­a,LEAM,LEI,,"-2.3701000213623047, 36.84389877319336"
LEAS,medium_airport,Asturias Airport,416.0,EU,ES,ES-O,RanÃ³n,LEAS,OVD,,"-6.0346198081970215, 43.5635986328125"
LEBA,medium_airport,CÃ³rdoba Airport,297.0,EU,ES,ES-AN,CÃ³rdoba,LEBA,ODB,,"-4.848879814147949, 37.84199905395508"
LEBB,medium_airport,Bilbao Airport,138.0,EU,ES,ES-PV,Bilbao,LEBB,BIO,,"-2.9106099605560303, 43.30110168457031"
LEBG,medium_airport,Burgos Airport,2945.0,EU,ES,ES-CL,Burgos,LEBG,RGS,,"-3.62076, 42.357601"
LEBL,large_airport,Barcelona International Airport,12.0,EU,ES,ES-CT,Barcelona,LEBL,BCN,,"2.07846, 41.2971"
LEBZ,medium_airport,Badajoz Airport,609.0,EU,ES,ES-EX,Badajoz,LEBZ,BJZ,,"-6.8213300704956055, 38.891300201416016"
LECH,medium_airport,CastellÃ³n-Costa Azahar Airport,1145.0,EU,ES,ES-CS,CastellÃ³n de la Plana,LECH,CDT,,"0.073333, 40.213889"
LECO,medium_airport,A CoruÃ±a Airport,326.0,EU,ES,ES-GA,Culleredo,LECO,LCG,,"-8.37726, 43.302101"
LECU,medium_airport,Cuatro Vientos Airport,2269.0,EU,ES,ES-M,Madrid,LECU,ECV,,"-3.78514, 40.370701"
LEDA,medium_airport,Lleida-Alguaire Airport,1152.0,EU,ES,ES-CT,Lleida,LEDA,ILD,,"0.535023, 41.728185"
LEGE,medium_airport,Girona Airport,468.0,EU,ES,ES-GE,Girona,LEGE,GRO,,"2.7605500221, 41.901000977"
LEGR,medium_airport,Federico Garcia Lorca Airport,1860.0,EU,ES,ES-AN,Granada,LEGR,GRX,,"-3.777359962463379, 37.18870162963867"
LEHC,small_airport,Huesca/Pirineos Airport,1768.0,EU,ES,ES-AR,Monflorite/AlcalÃ¡ del Obispo,LEHC,HSK,,"-0.316666990519, 42.0760993958"
LEIB,medium_airport,Ibiza Airport,24.0,EU,ES,ES-PM,Ibiza,LEIB,IBZ,,"1.3731199502899998, 38.872898101800004"
LEJR,medium_airport,Jerez Airport,93.0,EU,ES,ES-AN,Jerez de la Forntera,LEJR,XRY,,"-6.060110092163086, 36.744598388671875"
LELC,medium_airport,San Javier Airport,11.0,EU,ES,ES-MU,San Javier,LELC,MJV,,"-0.8123890161514282, 37.775001525878906"
LELL,small_airport,Sabadell Airport,485.0,EU,ES,ES-CT,Sabadell,LELL,QSA,,"2.1050798892974854, 41.52090072631836"
LELN,medium_airport,Leon Airport,3006.0,EU,ES,ES-CL,LeÃ³n,LELN,LEN,,"-5.65556001663208, 42.5890007019043"
LELO,small_airport,LogroÃ±o-Agoncillo Airport,1161.0,EU,ES,ES-LO,LogroÃ±o,LERJ,RJL,,"-2.32223510742, 42.4609534888"
LEMD,large_airport,Adolfo SuÃ¡rez MadridâBarajas Airport,1998.0,EU,ES,ES-M,Madrid,LEMD,MAD,,"-3.56264, 40.471926"
LEMG,large_airport,MÃ¡laga Airport,53.0,EU,ES,ES-AN,MÃ¡laga,LEMG,AGP,,"-4.499110221862793, 36.67490005493164"
LEMH,medium_airport,Menorca Airport,302.0,EU,ES,ES-PM,Menorca Island,LEMH,MAH,,"4.218649864196777, 39.86259841918945"
LEMO,medium_airport,Moron Air Base,285.0,EU,ES,ES-AN,MorÃ³n,LEMO,OZP,,"-5.615940093994141, 37.17490005493164"
LEO,small_airport,Lekoni Airport,2036.0,AF,GA,GA-2,Lekoni,,LEO,,"14.2878, -1.5724"
LEPA,large_airport,Palma De Mallorca Airport,27.0,EU,ES,ES-PM,Palma De Mallorca,LEPA,PMI,,"2.73881006241, 39.551700592"
LEPP,medium_airport,Pamplona Airport,1504.0,EU,ES,ES-NA,Pamplona,LEPP,PNA,,"-1.6463299989700317, 42.77000045776367"
LERL,closed,Ciudad Real Central Airport,,EU,ES,ES-CM,Ciudad Real,LERL,CQM,,"-3.97, 38.8563888889"
LERS,medium_airport,Reus Air Base,233.0,EU,ES,ES-CT,Reus,LERS,REU,,"1.1671700477600098, 41.14739990234375"
LERT,medium_airport,Rota Naval Station Airport,86.0,EU,ES,ES-AN,Rota,LERT,ROZ,,"-6.34946012497, 36.645198822"
LESA,medium_airport,Salamanca Airport,2595.0,EU,ES,ES-CL,Salamanca,LESA,SLM,,"-5.501989841461182, 40.95209884643555"
LESO,medium_airport,San Sebastian Airport,16.0,EU,ES,ES-PV,Hondarribia,LESO,EAS,,"-1.7906099557876587, 43.35649871826172"
LEST,large_airport,Santiago de Compostela Airport,1213.0,EU,ES,ES-GA,Santiago de Compostela,LEST,SCQ,,"-8.415140151977539, 42.89630126953125"
LESU,small_airport,Pirineus - la Seu d'Urgel Airport,2625.0,EU,ES,ES-CT,La Seu d'Urgell Pyrenees and Andorra,LESU,LEU,,"1.40917, 42.3386"
LETL,medium_airport,Teruel Airport,3380.0,EU,ES,ES-AR,Teruel,LETL,TEV,,"-1.2183, 40.403"
LETO,medium_airport,TorrejÃ³n Airport,2026.0,EU,ES,ES-M,Madrid,LETO,TOJ,,"-3.4458699226379395, 40.496700286865234"
LEVC,medium_airport,Valencia Airport,240.0,EU,ES,ES-V,Valencia,LEVC,VLC,,"-0.481625, 39.4893"
LEVD,medium_airport,Valladolid Airport,2776.0,EU,ES,ES-CL,Valladolid,LEVD,VLL,,"-4.85194015503, 41.7061004639"
LEVT,medium_airport,Vitoria/Foronda Airport,1682.0,EU,ES,ES-PV,Alava,LEVT,VIT,,"-2.7244699001312256, 42.8828010559082"
LEVX,medium_airport,Vigo Airport,856.0,EU,ES,ES-GA,Vigo,LEVX,VGO,,"-8.62677001953125, 42.2318000793457"
LEXJ,medium_airport,Santander Airport,16.0,EU,ES,ES-S,Santander,LEXJ,SDR,,"-3.82000994682312, 43.427101135253906"
LEZG,medium_airport,Zaragoza Air Base,863.0,EU,ES,ES-AR,Zaragoza,LEZG,ZAZ,,"-1.0415500402450562, 41.66619873046875"
LEZL,medium_airport,Sevilla Airport,112.0,EU,ES,ES-AN,Sevilla,LEZL,SVQ,,"-5.8931097984313965, 37.417999267578125"
LFAB,small_airport,St Aubin Airport,344.0,EU,FR,FR-NOR,Dieppe,LFAB,DPE,,"1.085279941558838, 49.88249969482422"
LFAC,medium_airport,Calais-Dunkerque Airport,12.0,EU,FR,FR-HDF,Calais/Dunkerque,LFAC,CQF,,"1.954759955406189, 50.962100982666016"
LFAQ,small_airport,Albert-Bray Airport,364.0,EU,FR,FR-HDF,Albert/Bray,LFAQ,BYF,,"2.69765996933, 49.9715003967"
LFAT,medium_airport,Le Touquet-CÃ´te d'Opale Airport,36.0,EU,FR,FR-HDF,Le Touquet-Paris-Plage,LFAT,LTQ,,"1.6205899715423584, 50.517398834228516"
LFAV,medium_airport,Valenciennes-Denain Airport,165.0,EU,FR,FR-HDF,Valenciennes/Denain,LFAV,XVS,,"3.46126, 50.325802"
LFBA,medium_airport,Agen-La Garenne Airport,204.0,EU,FR,FR-NAQ,Agen/La Garenne,LFBA,AGF,,"0.5905560255050659, 44.17470169067383"
LFBD,large_airport,Bordeaux-MÃ©rignac Airport,162.0,EU,FR,FR-NAQ,Bordeaux/MÃ©rignac,LFBD,BOD,,"-0.715556025505, 44.828300476100004"
LFBE,medium_airport,Bergerac-RoumaniÃ¨re Airport,171.0,EU,FR,FR-NAQ,Bergerac/RoumaniÃ¨re,LFBE,EGC,,"0.5186110138893127, 44.82529830932617"
LFBG,medium_airport,Cognac-ChÃ¢teaubernard (BA 709) Air Base,102.0,EU,FR,FR-NAQ,Cognac/ChÃ¢teaubernard,LFBG,CNG,,"-0.3174999952316284, 45.65829849243164"
LFBH,medium_airport,La Rochelle-Ãle de RÃ© Airport,74.0,EU,FR,FR-NAQ,La Rochelle/Ãle de RÃ©,LFBH,LRH,,"-1.1952799558639526, 46.17919921875"
LFBI,medium_airport,Poitiers-Biard Airport,423.0,EU,FR,FR-NAQ,Poitiers/Biard,LFBI,PIS,,"0.30666598677635193, 46.58769989013672"
LFBK,medium_airport,MontluÃ§on-GuÃ©ret Airport,1497.0,EU,FR,FR-NAQ,MontluÃ§on/GuÃ©ret,LFBK,MCU,,"2.363960027694702, 46.222599029541016"
LFBL,medium_airport,Limoges Airport,1300.0,EU,FR,FR-NAQ,Limoges/Bellegarde,LFBL,LIG,,"1.1794400215148926, 45.86280059814453"
LFBN,medium_airport,Niort-SouchÃ© Airport,203.0,EU,FR,FR-NAQ,Niort/SouchÃ©,LFBN,NIT,,"-0.394529, 46.313477"
LFBO,large_airport,Toulouse-Blagnac Airport,499.0,EU,FR,FR-OCC,Toulouse/Blagnac,LFBO,TLS,,"1.36382, 43.629101"
LFBP,medium_airport,Pau PyrÃ©nÃ©es Airport,616.0,EU,FR,FR-NAQ,Pau/PyrÃ©nÃ©es (Uzein),LFBP,PUF,,"-0.41861099004745483, 43.380001068115234"
LFBT,medium_airport,Tarbes-Lourdes-PyrÃ©nÃ©es Airport,1260.0,EU,FR,FR-OCC,Tarbes/Lourdes/PyrÃ©nÃ©es,LFBT,LDE,,"-0.006438999902456999, 43.1786994934082"
LFBU,medium_airport,AngoulÃªme-Brie-Champniers Airport,436.0,EU,FR,FR-NAQ,AngoulÃªme/Brie/Champniers,LFBU,ANG,,"0.22145600616931915, 45.72919845581055"
LFBX,medium_airport,PÃ©rigueux-Bassillac Airport,328.0,EU,FR,FR-NAQ,PÃ©rigueux/Bassillac,LFBX,PGX,,"0.815555989742279, 45.19810104370117"
LFBY,small_airport,Dax Seyresse Airport,106.0,EU,FR,FR-NAQ,Perigueux,LFBY,XDA,,"-1.0688899755477905, 43.68920135498047"
LFBZ,medium_airport,Biarritz-Anglet-Bayonne Airport,245.0,EU,FR,FR-NAQ,Biarritz/Anglet/Bayonne,LFBZ,BIQ,,"-1.5311111, 43.4683333"
LFCC,medium_airport,Cahors-Lalbenque Airport,912.0,EU,FR,FR-OCC,Cahors/Lalbenque,LFCC,ZAO,,"1.4752800464630127, 44.35139846801758"
LFCI,medium_airport,Albi-Le SÃ©questre Airport,564.0,EU,FR,FR-OCC,Albi/Le SÃ©questre,LFCI,LBI,,"2.1130599975585938, 43.91389846801758"
LFCK,medium_airport,Castres-Mazamet Airport,788.0,EU,FR,FR-OCC,Castres/Mazamet,LFCK,DCM,,"2.289180040359497, 43.55630111694336"
LFCR,medium_airport,Rodez-Marcillac Airport,1910.0,EU,FR,FR-OCC,Rodez/Marcillac,LFCR,RDZ,,"2.4826700687408447, 44.407901763916016"
LFCY,medium_airport,Royan-MÃ©dis Airport,72.0,EU,FR,FR-NAQ,Royan/MÃ©dis,LFCY,RYN,,"-0.9725000262260437, 45.62810134887695"
LFDN,medium_airport,Rochefort-Saint-Agnant (BA 721) Airport,60.0,EU,FR,FR-NAQ,Rochefort/Saint-Agnant,LFDN,RCO,,"-0.9830560088157654, 45.88779830932617"
LFEY,medium_airport,Ãle d'Yeu Airport,79.0,EU,FR,FR-PDL,Ãle d'Yeu,LFEY,IDY,,"-2.3911099433898926, 46.71860122680664"
LFGA,medium_airport,Colmar-Houssen Airport,628.0,EU,FR,FR-GES,Colmar/Houssen,LFGA,CMR,,"7.359010219573975, 48.109901428222656"
LFGJ,medium_airport,Dole-Tavaux Airport,645.0,EU,FR,FR-BFC,Dole/Tavaux,LFGJ,DLE,,"5.435063, 47.042686"
LFHM,small_airport,MegÃ¨ve Altiport,4823.0,EU,FR,FR-ARA,MegÃ¨ve,LFHM,MVV,,"6.649406, 45.823005"
LFHO,medium_airport,Aubenas-ArdÃ¨che MÃ©ridional Airport,923.0,EU,FR,FR-ARA,Aubenas/ArdÃ¨che MÃ©ridional,LFHO,OBS,,"4.372192, 44.544203"
LFHP,medium_airport,Le Puy-Loudes Airport,2731.0,EU,FR,FR-ARA,Le Puy/Loudes,LFHP,LPY,,"3.762890100479126, 45.0806999206543"
LFHU,small_airport,Altiport L'Alpe d'Huez - Henri GIRAUD,6102.0,EU,FR,FR-ARA,L'Alpe d'Huez,LFHU,AHZ,,"6.08472, 45.088299"
LFJL,medium_airport,Metz-Nancy-Lorraine Airport,870.0,EU,FR,FR-GES,Metz / Nancy,LFJL,ETZ,,"6.25131988525, 48.9821014404"
LFJR,medium_airport,Angers-Loire Airport,194.0,EU,FR,FR-PDL,Angers/MarcÃ©,LFJR,ANE,,"-0.312222, 47.560299"
LFKB,medium_airport,Bastia-Poretta Airport,26.0,EU,FR,FR-COR,Bastia/Poretta,LFKB,BIA,,"9.48373031616211, 42.55270004272461"
LFKC,medium_airport,Calvi-Sainte-Catherine Airport,209.0,EU,FR,FR-COR,Calvi/Sainte-Catherine,LFKC,CLY,,"8.7930556, 42.5244444"
LFKF,medium_airport,Figari Sud-Corse Airport,87.0,EU,FR,FR-COR,Figari Sud-Corse,LFKF,FSC,,"9.097780227661133, 41.5005989074707"
LFKJ,medium_airport,Ajaccio-NapolÃ©on Bonaparte Airport,18.0,EU,FR,FR-COR,Ajaccio/NapolÃ©on Bonaparte,LFKJ,AJA,,"8.8029203414917, 41.92359924316406"
LFKO,small_airport,Propriano Airport,13.0,EU,FR,FR-COR,Propriano,LFKO,PRP,,"8.889749526977539, 41.66059875488281"
LFKS,medium_airport,Solenzara (BA 126) Air Base,28.0,EU,FR,FR-COR,Solenzara,LFKS,SOZ,,"9.406000137329102, 41.924400329589844"
LFKX,small_airport,MÃ©ribel Altiport,5636.0,EU,FR,FR-ARA,,LFKX,MFX,,"6.577942, 45.407003"
LFLA,medium_airport,Auxerre-Branches Airport,523.0,EU,FR,FR-BFC,Auxerre/Branches,LFLA,AUF,,"3.497109889984131, 47.85020065307617"
LFLB,medium_airport,ChambÃ©ry-Savoie Airport,779.0,EU,FR,FR-ARA,ChambÃ©ry/Aix-les-Bains,LFLB,CMF,,"5.880229949951172, 45.638099670410156"
LFLC,medium_airport,Clermont-Ferrand Auvergne Airport,1090.0,EU,FR,FR-ARA,Clermont-Ferrand/Auvergne,LFLC,CFE,,"3.1691699028, 45.7867012024"
LFLD,medium_airport,Bourges Airport,529.0,EU,FR,FR-CVL,Bourges,LFLD,BOU,,"2.3702800273895264, 47.058101654052734"
LFLI,medium_airport,Annemasse Airport,1620.0,EU,FR,FR-ARA,Annemasse,LFLI,QNJ,,"6.268390178680001, 46.1920013428"
LFLJ,small_airport,Courchevel Airport,6583.0,EU,FR,FR-ARA,Courchevel,LFLJ,CVF,,"6.63472, 45.396702"
LFLL,large_airport,Lyon Saint-ExupÃ©ry Airport,821.0,EU,FR,FR-ARA,Lyon,LFLL,LYS,,"5.081111, 45.725556"
LFLN,medium_airport,Saint-Yan Airport,796.0,EU,FR,FR-BFC,Saint-Yan,LFLN,SYT,,"4.0132598876953125, 46.412498474121094"
LFLO,medium_airport,Roanne-Renaison Airport,1106.0,EU,FR,FR-ARA,Roanne/Renaison,LFLO,RNE,,"4.001389980316162, 46.05830001831055"
LFLP,medium_airport,Annecy-Haute-Savoie-Mont Blanc Airport,1521.0,EU,FR,FR-ARA,Annecy/Meythet,LFLP,NCY,,"6.1063889, 45.9308333"
LFLS,medium_airport,Grenoble-IsÃ¨re Airport,1302.0,EU,FR,FR-U-A,Saint-Ãtienne-de-Saint-Geoirs,LFLS,GNB,,"5.32937, 45.3629"
LFLU,medium_airport,Valence-Chabeuil Airport,525.0,EU,FR,FR-ARA,Valence/Chabeuil,LFLU,VAF,,"4.9699, 44.9216"
LFLV,medium_airport,Vichy-Charmeil Airport,817.0,EU,FR,FR-ARA,Vichy/Charmeil,LFLV,VHY,,"3.4037399291992188, 46.169700622558594"
LFLW,medium_airport,Aurillac Airport,2096.0,EU,FR,FR-ARA,Aurillac,LFLW,AUR,,"2.4219400882720947, 44.89139938354492"
LFLX,medium_airport,"ChÃ¢teauroux-DÃ©ols ""Marcel Dassault"" Airport",529.0,EU,FR,FR-CVL,ChÃ¢teauroux/DÃ©ols,LFLX,CHR,,"1.721111, 46.860278"
LFLY,medium_airport,Lyon-Bron Airport,659.0,EU,FR,FR-ARA,Lyon/Bron,LFLY,LYN,,"4.944270133972168, 45.72719955444336"
LFMD,medium_airport,Cannes-Mandelieu Airport,13.0,EU,FR,FR-PAC,Cannes/Mandelieu,LFMD,CEQ,,"6.95348, 43.542"
LFMH,medium_airport,Saint-Ãtienne-BouthÃ©on Airport,1325.0,EU,FR,FR-ARA,Saint-Ãtienne/BouthÃ©on,LFMH,EBU,,"4.296390056610107, 45.54059982299805"
LFMK,medium_airport,Carcassonne Airport,433.0,EU,FR,FR-OCC,Carcassonne/Salvaza,LFMK,CCF,,"2.3063199520111084, 43.215999603271484"
LFML,large_airport,Marseille Provence Airport,74.0,EU,FR,FR-PAC,Marseille,LFML,MRS,,"5.22142410278, 43.439271922"
LFMN,large_airport,Nice-CÃ´te d'Azur Airport,12.0,EU,FR,FR-PAC,Nice,LFMN,NCE,,"7.215869903560001, 43.6584014893"
LFMO,medium_airport,Orange-Caritat (BA 115) Air Base,197.0,EU,FR,FR-PAC,Orange/Caritat,LFMO,XOG,,"4.866720199584961, 44.140499114990234"
LFMP,medium_airport,Perpignan-Rivesaltes (LlabanÃ¨re) Airport,144.0,EU,FR,FR-OCC,Perpignan/Rivesaltes,LFMP,PGF,,"2.8706700801849365, 42.74039840698242"
LFMQ,medium_airport,Le Castellet Airport,1391.0,EU,FR,FR-PAC,Le Castellet,LFMQ,CTT,,"5.785190105438232, 43.252498626708984"
LFMR,small_airport,Barcelonnette - Saint-Pons Airport,3714.0,EU,FR,FR-PAC,Le Castellet,LFMR,BAE,,"6.609186, 44.387198"
LFMT,medium_airport,Montpellier-MÃ©diterranÃ©e Airport,17.0,EU,FR,FR-OCC,Montpellier/MÃ©diterranÃ©e,LFMT,MPL,,"3.96301007270813, 43.57619857788086"
LFMU,medium_airport,BÃ©ziers-Vias Airport,56.0,EU,FR,FR-OCC,BÃ©ziers/Vias,LFMU,BZR,,"3.3538999557495117, 43.32350158691406"
LFMV,medium_airport,Avignon-Caumont Airport,124.0,EU,FR,FR-PAC,Avignon/Caumont,LFMV,AVN,,"4.901830196380615, 43.90729904174805"
LFNA,small_airport,Gap - Tallard Airfield,1986.0,EU,FR,FR-PAC,,LFNA,GAT,,"6.03778, 44.455002"
LFNB,medium_airport,Mende-Brenoux Airfield,3362.0,EU,FR,FR-OCC,Mende/BrÃ©noux,LFNB,MEN,,"3.53282, 44.502102"
LFNC,small_airport,Mont-Dauphin - St-CrÃ©pin Airport,2963.0,EU,FR,FR-PAC,Mende,LFNC,SCP,,"6.60028, 44.701698"
LFOB,medium_airport,Paris Beauvais TillÃ© Airport,359.0,EU,FR,FR-HDF,Beauvais/TillÃ©,LFOB,BVA,,"2.1127800941467285, 49.45439910888672"
LFOE,medium_airport,Ãvreux-Fauville (BA 105) Air Base,464.0,EU,FR,FR-NOR,Ãvreux/Fauville,LFOE,EVX,,"1.2198599576950073, 49.02870178222656"
LFOH,medium_airport,Le Havre Octeville Airport,313.0,EU,FR,FR-NOR,Le Havre/Octeville,LFOH,LEH,,"0.08805599808692932, 49.53390121459961"
LFOJ,medium_airport,OrlÃ©ans-Bricy (BA 123) Air Base,412.0,EU,FR,FR-CVL,OrlÃ©ans/Bricy,LFOJ,ORE,,"1.7605600357100002, 47.9878005981"
LFOK,medium_airport,ChÃ¢lons-Vatry Airport,587.0,EU,FR,FR-GES,Vatry,LFOK,XCR,,"4.206111111, 48.7733333333"
LFOO,small_airport,Les Sables-d'Olonne Talmont Airport,105.0,EU,FR,FR-PDL,Les Sables-d'Olonne,LFOO,LSO,,"-1.7227799892425537, 46.476898193359375"
LFOP,medium_airport,Rouen Airport,512.0,EU,FR,FR-NOR,Rouen/VallÃ©e de Seine,LFOP,URO,,"1.1748000383377075, 49.38420104980469"
LFOT,medium_airport,Tours-Val-de-Loire Airport,357.0,EU,FR,FR-CVL,Tours/Val de Loire (Loire Valley),LFOT,TUF,,"0.727605998516, 47.4322013855"
LFOU,medium_airport,Cholet Le Pontreau Airport,443.0,EU,FR,FR-PDL,Cholet/Le Pontreau,LFOU,CET,,"-0.8770639896392822, 47.08209991455078"
LFOV,medium_airport,Laval-Entrammes Airport,330.0,EU,FR,FR-PDL,Laval/Entrammes,LFOV,LVA,,"-0.7429860234260559, 48.03139877319336"
LFPB,medium_airport,Paris-Le Bourget Airport,218.0,EU,FR,FR-IDF,Paris,LFPB,LBG,,"2.441390037536621, 48.969398498535156"
LFPC,medium_airport,Creil Air Base,291.0,EU,FR,FR-HDF,Creil,LFPC,CSF,,"2.5191400051116943, 49.253501892089844"
LFPG,large_airport,Charles de Gaulle International Airport,392.0,EU,FR,FR-IDF,Paris,LFPG,CDG,,"2.55, 49.012798"
LFPI,heliport,Paris Issy-les-Moulineaux Heliport,112.0,EU,FR,FR-IDF,Issy-les-Moulineaux,LFPI,JDP,,"2.272779941558838, 48.83330154418945"
LFPN,medium_airport,Toussus-le-Noble Airport,538.0,EU,FR,FR-IDF,Toussus-le-Noble,LFPN,TNF,,"2.1061899662017822, 48.75189971923828"
LFPO,large_airport,Paris-Orly Airport,291.0,EU,FR,FR-IDF,Paris,LFPO,ORY,,"2.3794444, 48.7233333"
LFPT,medium_airport,AÃ©rodrome de Pontoise - Cormeilles en Vexin,325.0,EU,FR,FR-IDF,Cormeilles-en-Vexin,LFPT,POX,,"2.040833, 49.096667"
LFPV,medium_airport,Villacoublay-VÃ©lizy (BA 107) Air Base,584.0,EU,FR,FR-IDF,Villacoublay/VÃ©lizy,LFPV,VIY,,"2.1916667, 48.7741667"
LFQG,medium_airport,Nevers-Fourchambault Airport,602.0,EU,FR,FR-BFC,Nevers/Fourchambault,LFQG,NVS,,"3.1133298873901367, 47.002601623535156"
LFQJ,medium_airport,Maubeuge-Ãlesmes Airport,452.0,EU,FR,FR-HDF,Maubeuge/Ãlesmes,LFQJ,XME,,"4.033120155334473, 50.31050109863281"
LFQQ,medium_airport,Lille-Lesquin Airport,157.0,EU,FR,FR-HDF,Lille/Lesquin,LFQQ,LIL,,"3.086886, 50.563332"
LFQT,medium_airport,Merville-Calonne Airport,61.0,EU,FR,FR-HDF,Merville/Calonne,LFQT,HZB,,"2.642240047454834, 50.61840057373047"
LFQV,medium_airport,Charleville-MÃ©ziÃ¨res Airport,492.0,EU,FR,FR-GES,Charleville-MÃ©ziÃ¨res,LFQV,XCZ,,"4.647079944610596, 49.78390121459961"
LFRB,medium_airport,Brest Bretagne Airport,325.0,EU,FR,FR-BRE,Brest/Guipavas,LFRB,BES,,"-4.418540000915527, 48.447898864746094"
LFRC,medium_airport,Cherbourg-Maupertus Airport,459.0,EU,FR,FR-NOR,Cherbourg/Maupertus,LFRC,CER,,"-1.4702800512313843, 49.65010070800781"
LFRD,medium_airport,Dinard-Pleurtuit-Saint-Malo Airport,219.0,EU,FR,FR-BRE,Dinard/Pleurtuit/Saint-Malo,LFRD,DNR,,"-2.0799601078033447, 48.58769989013672"
LFRE,medium_airport,La Baule-Escoublac Airport,105.0,EU,FR,FR-PDL,La Baule-Escoublac,LFRE,LBY,,"-2.3463900089263916, 47.289398193359375"
LFRF,medium_airport,Granville Airport,45.0,EU,FR,FR-NOR,Granville,LFRF,GFR,,"-1.564170002937317, 48.88309860229492"
LFRG,medium_airport,Deauville-Saint-Gatien Airport,479.0,EU,FR,FR-NOR,Deauville,LFRG,DOL,,"0.154305994511, 49.3652992249"
LFRH,medium_airport,Lorient South Brittany (Bretagne Sud) Airport,160.0,EU,FR,FR-BRE,Lorient/Lann/BihouÃ©,LFRH,LRT,,"-3.440000057220459, 47.76060104370117"
LFRI,medium_airport,La Roche-sur-Yon Airport,299.0,EU,FR,FR-PDL,La Roche-sur-Yon/Les Ajoncs,LFRI,EDM,,"-1.3786300420761108, 46.701900482177734"
LFRJ,medium_airport,Landivisiau Air Base,348.0,EU,FR,FR-BRE,Landivisiau,LFRJ,LDV,,"-4.151639938354492, 48.53030014038086"
LFRK,medium_airport,Caen-Carpiquet Airport,256.0,EU,FR,FR-NOR,Caen/Carpiquet,LFRK,CFR,,"-0.44999998807907104, 49.173301696777344"
LFRM,medium_airport,Le Mans-Arnage Airport,194.0,EU,FR,FR-PDL,Le Mans/Arnage,LFRM,LME,,"0.20166699588298798, 47.94860076904297"
LFRN,medium_airport,Rennes-Saint-Jacques Airport,124.0,EU,FR,FR-BRE,Rennes/Saint-Jacques,LFRN,RNS,,"-1.73479, 48.0695"
LFRO,medium_airport,Lannion-CÃ´te de Granit Airport,290.0,EU,FR,FR-BRE,Lannion,LFRO,LAI,,"-3.47166, 48.754398"
LFRQ,medium_airport,Quimper-Cornouaille Airport,297.0,EU,FR,FR-BRE,Quimper/Pluguffan,LFRQ,UIP,,"-4.167789936065674, 47.974998474121094"
LFRS,medium_airport,Nantes Atlantique Airport,90.0,EU,FR,FR-PDL,Nantes,LFRS,NTE,,"-1.61073005199, 47.153198242200006"
LFRT,medium_airport,Saint-Brieuc-Armor Airport,453.0,EU,FR,FR-BRE,Saint-Brieuc/Armor,LFRT,SBK,,"-2.85444, 48.5378"
LFRU,medium_airport,Morlaix-Ploujean Airport,272.0,EU,FR,FR-BRE,Morlaix/Ploujean,LFRU,MXN,,"-3.81577992439, 48.6031990051"
LFRV,medium_airport,Vannes-Meucon Airport,446.0,EU,FR,FR-BRE,Vannes/Meucon,LFRV,VNE,,"-2.718559980392456, 47.72330093383789"
LFRZ,medium_airport,Saint-Nazaire-Montoir Airport,13.0,EU,FR,FR-PDL,Saint-Nazaire/Montoir,LFRZ,SNR,,"-2.1566667, 47.3105556"
LFSB,large_airport,EuroAirport Basel-Mulhouse-Freiburg Airport,885.0,EU,FR,FR-GES,BÃ¢le/Mulhouse,LFSB,BSL,,"7.529167, 47.59"
LFSD,medium_airport,Dijon-Bourgogne Airport,726.0,EU,FR,FR-BFC,Dijon/Longvic,LFSD,DIJ,,"5.09, 47.268902"
LFSF,closed,Metz-Frescaty (BA 128) Air Base,629.0,EU,FR,FR-GES,Metz/Frescaty,LFSF,MZM,,"6.13167, 49.071701"
LFSG,medium_airport,Ãpinal-Mirecourt Airport,1084.0,EU,FR,FR-GES,Ãpinal/Mirecourt,LFSG,EPL,,"6.06998, 48.325001"
LFSL,medium_airport,Brive-Souillac,1016.0,EU,FR,FR-NAQ,Brive la Gaillarde,LFSL,BVE,,"1.485556, 45.039722"
LFSN,medium_airport,Nancy-Essey Airport,751.0,EU,FR,FR-GES,Nancy/Essey,LFSN,ENC,,"6.230460166931152, 48.692100524902344"
LFSQ,closed,Fontaine Airport,1208.0,EU,FR,FR-BFC,Belfort,LFSQ,BOR,,"7.0108299255371, 47.655601501465"
LFSR,closed,Reims-Champagne (BA 112) Air Base,312.0,EU,FR,FR-GES,Reims/Champagne,LFSR,RHE,,"4.05, 49.310001"
LFST,medium_airport,Strasbourg Airport,505.0,EU,FR,FR-GES,Strasbourg,LFST,SXB,,"7.628230094909668, 48.538299560546875"
LFTH,medium_airport,Toulon-HyÃ¨res Airport,7.0,EU,FR,FR-PAC,Toulon/HyÃ¨res/Le Palyvestre,LFTH,TLN,,"6.14602994919, 43.0973014832"
LFTU,closed,FrÃ©jus Airport,33.0,EU,FR,FR-PAC,FrÃ©jus,LFTU,FRJ,,"6.7357, 43.4175"
LFTW,medium_airport,NÃ®mes-Arles-Camargue Airport,309.0,EU,FR,FR-OCC,NÃ®mes/Garons,LFTW,FNI,,"4.4163498878479, 43.75740051269531"
LFTZ,small_airport,La MÃ´le Airport,59.0,EU,FR,FR-PAC,La MÃ´le,LFTZ,LTT,,"6.482, 43.205399"
LFVM,medium_airport,Miquelon Airport,10.0,,PM,PM-ML,Miquelon,LFVM,MQC,,"-56.3802986145, 47.095500946"
LFVP,medium_airport,St Pierre Airport,27.0,,PM,PM-SP,Saint-Pierre,LFVP,FSP,,"-56.173099517822266, 46.762901306152344"
LGAD,medium_airport,Andravida Air Base,55.0,EU,GR,GR-14,Andravida,LGAD,PYR,,"21.292601, 37.9207"
LGAG,closed,Agrinion Air Base,154.0,EU,GR,GR-01,Agrinion,LGAG,AGQ,,"21.3512001, 38.602001"
LGAL,medium_airport,Dimokritos Airport,24.0,EU,GR,GR-71,Alexandroupolis,LGAL,AXD,,"25.956300735473633, 40.855899810791016"
LGAT,closed,Athen Helenikon Airport,69.0,EU,GR,GR-A1,Athens,LGAT,HEW,,"23.726101, 37.893299"
LGAV,large_airport,Eleftherios Venizelos International Airport,308.0,EU,GR,GR-A1,Athens,LGAV,ATH,,"23.9444999695, 37.9364013672"
LGBL,medium_airport,Nea Anchialos Airport,83.0,EU,GR,GR-43,Nea Anchialos,LGBL,VOL,,"22.794300079345703, 39.219600677490234"
LGE,small_airport,Mulan Airport,978.0,OC,AU,AU-WA,Lake Gregory,,LGE,YUAN,"127.619, -20.1089"
LGHI,medium_airport,Chios Island National Airport,15.0,EU,GR,GR-85,Chios Island,LGHI,JKH,,"26.140600204467773, 38.34320068359375"
LGHL,closed,Porto Cheli Airport,69.0,EU,GR,GR-11,Porto Cheli,LGHL,PKH,,"23.148923, 37.29891"
LGIK,small_airport,Ikaria Airport,79.0,EU,GR,GR-84,Ikaria Island,LGIK,JIK,,"26.3470993042, 37.6827011108"
LGIO,medium_airport,Ioannina Airport,1558.0,EU,GR,GR-33,Ioannina,LGIO,IOA,,"20.822500228881836, 39.6963996887207"
LGIR,large_airport,Heraklion International Nikos Kazantzakis Airport,115.0,EU,GR,GR-91,Heraklion,LGIR,HER,,"25.180299758900002, 35.3396987915"
LGKA,small_airport,Kastoria National Airport,2167.0,EU,GR,GR-56,Kastoria,LGKA,KSO,,"21.2821998596, 40.4463005066"
LGKC,small_airport,Kithira Airport,1045.0,EU,GR,GR-A1,Kithira Island,LGKC,KIT,,"23.0170001984, 36.2742996216"
LGKF,medium_airport,Kefallinia Airport,59.0,EU,GR,GR-23,Kefallinia Island,LGKF,EFL,,"20.500499725341797, 38.12009811401367"
LGKJ,small_airport,Kastelorizo Airport,489.0,EU,GR,GR-81,Kastelorizo Island,LGKJ,KZS,,"29.576400756799995, 36.1417007446"
LGKL,medium_airport,Kalamata Airport,26.0,EU,GR,GR-17,Kalamata,LGKL,KLX,,"22.02549934387207, 37.06829833984375"
LGKO,medium_airport,Kos Airport,412.0,EU,GR,GR-81,Kos Island,LGKO,KGS,,"27.091699600219727, 36.79330062866211"
LGKP,medium_airport,Karpathos Airport,66.0,EU,GR,GR-81,Karpathos Island,LGKP,AOK,,"27.145999908447266, 35.4213981628418"
LGKR,medium_airport,Ioannis Kapodistrias International Airport,6.0,EU,GR,GR-22,Kerkyra Island,LGKR,CFU,,"19.911699295043945, 39.601898193359375"
LGKS,small_airport,Kasos Airport,35.0,EU,GR,GR-81,Kasos Island,LGKS,KSJ,,"26.909999847399998, 35.4213981628"
LGKV,medium_airport,Alexander the Great International Airport,18.0,EU,GR,GR-55,Kavala,LGKV,KVA,,"24.619199752807617, 40.913299560546875"
LGKY,small_airport,Kalymnos Airport,771.0,EU,GR,GR-81,Kalymnos Island,LGKY,JKL,,"26.9405994415, 36.9632987976"
LGKZ,medium_airport,Filippos Airport,2059.0,EU,GR,GR-58,Kozani,LGKZ,KZI,,"21.84079933166504, 40.28609848022461"
LGLE,small_airport,Leros Airport,39.0,EU,GR,GR-81,Leros Island,LGLE,LRS,,"26.800301, 37.184898"
LGLM,small_airport,Limnos Airport,14.0,EU,GR,GR-83,Limnos Island,LGLM,LXS,,"25.236299514799995, 39.917098999"
LGLR,small_airport,Larisa Air Base,241.0,EU,GR,GR-42,Larisa,LGLR,LRA,,"22.4655, 39.650253"
LGM,closed,Laiagam Airport,7267.0,OC,PG,PG-EPW,Laiagam,,LGM,,"143.488, -5.4923"
LGMK,medium_airport,Mikonos Airport,405.0,EU,GR,GR-82,Mykonos Island,LGMK,JMK,,"25.348100662231445, 37.43510055541992"
LGML,small_airport,Milos Airport,10.0,EU,GR,GR-82,Milos Island,LGML,MLO,,"24.4769, 36.696899"
LGMT,medium_airport,Mytilene International Airport,60.0,EU,GR,GR-83,Mytilene,LGMT,MJT,,"26.5983009338, 39.0567016602"
LGN,small_airport,Linga Linga Airport,17.0,OC,PG,PG-WBK,Linga Linga,AYLL,LGN,LLA,"149.734166667, -5.5319444444400006"
LGNX,small_airport,Naxos Airport,10.0,EU,GR,GR-82,Naxos Island,LGNX,JNX,,"25.3680992126, 37.0811004639"
LGPA,small_airport,Paros National Airport,131.0,EU,GR,GR-82,Paros Island,LGPA,PAS,,"25.113195, 37.020495"
LGPL,small_airport,Astypalaia Airport,165.0,EU,GR,GR-81,Astypalaia Island,LGPL,JTY,,"26.3757991791, 36.5798988342"
LGPZ,medium_airport,Aktion National Airport,11.0,EU,GR,GR-34,Preveza/Lefkada,LGPZ,PVK,,"20.765300750732422, 38.925498962402344"
LGRP,medium_airport,Diagoras Airport,17.0,EU,GR,GR-81,Rodes Island,LGRP,RHO,,"28.086200714111328, 36.405399322509766"
LGRX,medium_airport,Araxos Airport,46.0,EU,GR,GR-13,Patras,LGRX,GPA,,"21.4256, 38.1511"
LGSA,medium_airport,Chania International Airport,490.0,EU,GR,GR-94,Souda,LGSA,CHQ,,"24.149700164794922, 35.531700134277344"
LGSK,medium_airport,Skiathos Island National Airport,54.0,EU,GR,GR-43,Skiathos,LGSK,JSI,,"23.503700256347656, 39.177101135253906"
LGSM,medium_airport,Samos Airport,19.0,EU,GR,GR-84,Samos Island,LGSM,SMI,,"26.911699295043945, 37.689998626708984"
LGSO,small_airport,Syros Airport,236.0,EU,GR,GR-82,Syros Island,LGSO,JSY,,"24.950899124099998, 37.4227981567"
LGSP,small_airport,Sparti Airport,500.0,EU,GR,GR-16,Sparti,LGSP,SPJ,,"22.52630043029785, 36.973899841308594"
LGSR,medium_airport,Santorini Airport,127.0,EU,GR,GR-82,Santorini Island,LGSR,JTR,,"25.479299545288086, 36.399200439453125"
LGST,medium_airport,Sitia Airport,376.0,EU,GR,GR-92,Crete Island,LGST,JSH,,"26.101299285888672, 35.21609878540039"
LGSY,small_airport,Skiros Airport,44.0,EU,GR,GR-04,Skiros Island,LGSY,SKU,,"24.4871997833, 38.9676017761"
LGTS,large_airport,Thessaloniki Macedonia International Airport,22.0,EU,GR,GR-54,Thessaloniki,LGTS,SKG,,"22.97089958190918, 40.51969909667969"
LGZA,medium_airport,"Zakynthos International Airport ""Dionysios Solomos""",15.0,EU,GR,GR-21,Zakynthos Island,LGZA,ZTH,,"20.8843, 37.7509"
LHBP,large_airport,Budapest Liszt Ferenc International Airport,495.0,EU,HU,HU-PE,Budapest,LHBP,BUD,,"19.261093, 47.42976"
LHDC,medium_airport,Debrecen International Airport,359.0,EU,HU,HU-HB,Debrecen,LHDC,DEB,,"21.615299224853516, 47.48889923095703"
LHMC,small_airport,Miskolc Airport,390.0,EU,HU,HU-BZ,Miskolc,LHMC,MCQ,,"20.791400909423828, 48.13690185546875"
LHP,closed,Lehu Airport,1770.0,OC,PG,PG-NSB,Lehu,,LHP,LEHU,"155.712442, -6.527493"
LHPP,medium_airport,PÃ©cs-PogÃ¡ny Airport,1000.0,EU,HU,HU-BA,PÃ©cs-PogÃ¡ny,LHPP,PEV,,"18.240996, 45.990898"
LHSM,medium_airport,HÃ©vÃ­zâBalaton Airport,408.0,EU,HU,HU-ZA,SÃ¡rmellÃ©k,LHSM,SOB,,"17.159084, 46.686391"
LHTA,medium_airport,TaszÃ¡r Air Base,531.0,EU,HU,HU-SO,TaszÃ¡r,LHTA,TZR,,"17.917499542236328, 46.39310073852539"
LIAP,small_airport,L'AquilaâPreturo Airport,2211.0,EU,IT,IT-65,L'Aquila,LIAP,QAQ,AQ03,"13.3092, 42.379902"
LIBC,medium_airport,Crotone Airport,522.0,EU,IT,IT-78,Crotone,LIBC,CRV,KR01,"17.0802, 38.9972"
LIBD,large_airport,Bari Karol WojtyÅa Airport,177.0,EU,IT,IT-75,Bari,LIBD,BRI,BA02,"16.760599, 41.138901"
LIBF,medium_airport,"Foggia ""Gino Lisa"" Airport",265.0,EU,IT,IT-75,Foggia,LIBF,FOG,FG05,"15.535, 41.432899"
LIBG,medium_airport,"Taranto-Grottaglie ""Marcello Arlotta"" Airport",215.0,EU,IT,IT-75,Grottaglie,LIBG,TAR,TA02,"17.4032, 40.517502"
LIBN,medium_airport,Lecce Galatina Air Base,156.0,EU,IT,IT-75,,LIBN,LCC,LE08,"18.133301, 40.239201"
LIBP,medium_airport,Pescara International Airport,48.0,EU,IT,IT-65,Pescara,LIBP,PSR,PE01,"14.1811, 42.431702"
LIBR,medium_airport,Brindisi â Salento Airport,47.0,EU,IT,IT-75,Brindisi,LIBR,BDS,BR03,"17.947001, 40.6576"
LICA,medium_airport,Lamezia Terme Airport,39.0,EU,IT,IT-78,Lamezia Terme (CZ),LICA,SUF,CZ02,"16.2423, 38.905399"
LICB,medium_airport,Comiso Airport,623.0,EU,IT,IT-82,Comiso,LICB,CIY,RG06,"14.607182, 36.994601"
LICC,large_airport,Catania-Fontanarossa Airport,39.0,EU,IT,IT-82,Catania,LICC,CTA,CT03,"15.0664, 37.466801"
LICD,medium_airport,Lampedusa Airport,70.0,EU,IT,IT-82,Lampedusa,LICD,LMP,AG01,"12.6181, 35.497898"
LICG,medium_airport,Pantelleria Airport,628.0,EU,IT,IT-82,Pantelleria (TP),LICG,PNL,TP02,"11.9689, 36.816502"
LICJ,large_airport,FalconeâBorsellino Airport,65.0,EU,IT,IT-82,Palermo,LICJ,PMO,PA03,"13.091, 38.175999"
LICR,medium_airport,Reggio Calabria Airport,96.0,EU,IT,IT-78,Reggio Calabria,LICR,REG,RC01,"15.6516, 38.071201"
LICT,medium_airport,Vincenzo Florio Airport Trapani-Birgi,25.0,EU,IT,IT-82,Trapani (TP),LICT,TPS,TP01,"12.488, 37.9114"
LICZ,medium_airport,Sigonella Navy Air Base,79.0,EU,IT,IT-82,Sigonella (CT),LICZ,NSY,CT04,"14.9224, 37.401699"
LIDB,small_airport,Belluno Airport,1240.0,EU,IT,IT-34,Belluno (BL),LIDB,BLX,BL05,"12.250389, 46.166549"
LIDI,closed,Cortina Airport,4213.0,EU,IT,IT-34,Cortina D'Ampezzo,LIDI,CDF,,"12.118000030500001, 46.573001861600005"
LIDR,small_airport,Ravenna Airport,1.0,EU,IT,IT-45,Ravenna,LIDR,RAN,RA06,"12.224978, 44.36391"
LIEA,medium_airport,Alghero-Fertilia Airport,87.0,EU,IT,IT-88,Alghero,LIEA,AHO,SS02,"8.29077, 40.632099"
LIED,medium_airport,Decimomannu Air Base,100.0,EU,IT,IT-88,Decimomannu,LIED,DCI,CA12,"8.97248, 39.354198"
LIEE,large_airport,Cagliari Elmas Airport,13.0,EU,IT,IT-88,Cagliari,LIEE,CAG,CA07,"9.05428, 39.251499"
LIEO,medium_airport,Olbia Costa Smeralda Airport,37.0,EU,IT,IT-88,Olbia (SS),LIEO,OLB,SS03,"9.51763, 40.898701"
LIER,small_airport,Oristano-Fenosu Airport,36.0,EU,IT,IT-88,Oristano,LIER,FNU,OR01,"8.642661, 39.895308"
LIET,medium_airport,TortolÃ¬ Airport,23.0,EU,IT,IT-88,Arbatax,LIET,TTB,NU01,"9.68298, 39.9188"
LIMC,large_airport,Malpensa International Airport,768.0,EU,IT,IT-25,Milan,LIMC,MXP,MI12,"8.72811, 45.6306"
LIME,large_airport,Milan Bergamo Airport,782.0,EU,IT,IT-25,Bergamo,LIME,BGY,BG01,"9.70417, 45.673901"
LIMF,large_airport,Turin Airport,989.0,EU,IT,IT-21,Torino,LIMF,TRN,TO11,"7.64963, 45.200802"
LIMG,medium_airport,Villanova D'Albenga International Airport,148.0,EU,IT,IT-42,Albenga (SV),LIMG,ALL,SV01,"8.12743, 44.050598"
LIMJ,large_airport,Genoa Cristoforo Colombo Airport,13.0,EU,IT,IT-42,Genova,LIMJ,GOA,GE01,"8.8375, 44.4133"
LIML,large_airport,Milano Linate Airport,353.0,EU,IT,IT-25,Milan,LIML,LIN,MI11,"9.27674, 45.445099"
LIMP,medium_airport,Parma Airport,161.0,EU,IT,IT-45,Parma,LIMP,PMF,PR03,"10.2964, 44.824501"
LIMW,medium_airport,Aosta Airport,1791.0,EU,IT,IT-23,Aosta,LIMW,AOT,AO01,"7.36872, 45.738499"
LIMZ,medium_airport,Cuneo International Airport,1267.0,EU,IT,IT-21,Cuneo,LIMZ,CUF,CN03,"7.62322, 44.547001"
LIPA,medium_airport,Aviano Air Base,410.0,EU,IT,IT-36,Aviano (PN),LIPA,AVB,PN07,"12.596503, 46.031898"
LIPB,medium_airport,Bolzano Airport,789.0,EU,IT,IT-32,Bolzano,LIPB,BZO,BZ01,"11.3264, 46.460201"
LIPD,small_airport,Udine-Campoformido Air Base,305.0,EU,IT,IT-36,Udine,LIPD,UDN,UD07,"13.1868, 46.0322"
LIPE,large_airport,Bologna Guglielmo Marconi Airport,123.0,EU,IT,IT-45,Bologna,LIPE,BLQ,BO08,"11.2887, 44.5354"
LIPH,large_airport,Treviso-Sant'Angelo Airport,59.0,EU,IT,IT-34,Treviso,LIPH,TSF,TV01,"12.1944, 45.648399"
LIPK,medium_airport,ForlÃ¬ Airport,97.0,EU,IT,IT-45,ForlÃ¬ (FC),LIPK,FRL,FC03,"12.0701, 44.194801"
LIPO,medium_airport,Brescia Airport,355.0,EU,IT,IT-25,Montichiari (BS),LIPO,VBS,BS04,"10.3306, 45.428902"
LIPQ,medium_airport,TriesteâFriuli Venezia Giulia Airport,39.0,EU,IT,IT-36,Trieste,LIPQ,TRS,GO02,"13.4722, 45.827499"
LIPR,medium_airport,Federico Fellini International Airport,40.0,EU,IT,IT-45,Rimini,LIPR,RMI,RN01,"12.6117, 44.020302"
LIPT,closed,Vicenza Airport,128.0,EU,IT,IT-34,Vicenza,LIPT,VIC,,"11.5295, 45.573399"
LIPU,medium_airport,Padova Airport,44.0,EU,IT,IT-34,Padova,LIPU,QPA,PD11,"11.8479, 45.395802"
LIPX,large_airport,Verona Villafranca Airport,239.0,EU,IT,IT-34,Verona,LIPX,VRN,VR10,"10.8885, 45.395699"
LIPY,medium_airport,Ancona Falconara Airport,49.0,EU,IT,IT-57,Ancona,LIPY,AOI,AN01,"13.3623, 43.616299"
LIPZ,large_airport,Venice Marco Polo Airport,7.0,EU,IT,IT-34,Venice,LIPZ,VCE,VE05,"12.3519, 45.505299"
LIQL,small_airport,Lucca-Tassignano Airport,39.0,EU,IT,IT-52,Lucca,LIQL,LCV,LU02,"10.577928, 43.825825"
LIQN,small_airport,Rieti Airport,1278.0,EU,IT,IT-62,Rieti,LIQN,QRT,RI01,"12.8517, 42.4272"
LIQS,medium_airport,Siena-Ampugnano Airport,634.0,EU,IT,IT-52,Siena,LIQS,SAY,SI01,"11.255, 43.256302"
LIQW,medium_airport,Sarzana-Luni Air Base,45.0,EU,IT,IT-42,Sarzana (SP),LIQW,QLP,SP01,"9.98795, 44.088001"
LIRA,large_airport,CiampinoâG. B. Pastine International Airport,427.0,EU,IT,IT-62,Rome,LIRA,CIA,RM12,"12.5949, 41.7994"
LIRF,large_airport,Leonardo da VinciâFiumicino Airport,13.0,EU,IT,IT-62,Rome,LIRF,FCO,RM11,"12.2388889, 41.8002778"
LIRI,medium_airport,Salerno Costa d'Amalfi Airport,119.0,EU,IT,IT-72,Salerno,LIRI,QSR,SA02,"14.9113, 40.620399"
LIRJ,medium_airport,Marina Di Campo Airport,31.0,EU,IT,IT-52,Marina  Di Campo,LIRJ,EBA,LI04,"10.2394, 42.7603"
LIRL,medium_airport,Latina Air Base,94.0,EU,IT,IT-62,Latina,LIRL,QLT,LT02,"12.909, 41.5424"
LIRN,large_airport,Naples International Airport,294.0,EU,IT,IT-72,NÃ¡poli,LIRN,NAP,NA01,"14.2908, 40.886002"
LIRP,large_airport,Pisa International Airport,6.0,EU,IT,IT-52,Pisa,LIRP,PSA,PI05,"10.3927, 43.683899"
LIRQ,medium_airport,Peretola Airport,142.0,EU,IT,IT-52,Firenze,LIRQ,FLR,FI04,"11.2051, 43.810001"
LIRS,medium_airport,Grosseto Air Base,17.0,EU,IT,IT-52,Grosetto,LIRS,GRS,GR06,"11.0719, 42.759701"
LIRZ,medium_airport,Perugia San Francesco d'Assisi â Umbria International Airport,697.0,EU,IT,IT-55,Perugia,LIRZ,PEG,PG10,"12.5132, 43.095901"
LJLJ,large_airport,Ljubljana JoÅ¾e PuÄnik Airport,1273.0,EU,SI,SI-061,Ljubljana,LJLJ,LJU,,"14.4576, 46.223701"
LJMB,medium_airport,Maribor Airport,876.0,EU,SI,SI-070,,LJMB,MBX,,"15.686100006103516, 46.47990036010742"
LJPZ,medium_airport,Portoroz Airport,7.0,EU,SI,SI-090,Portoroz,LJPZ,POW,,"13.614999771118164, 45.4734001159668"
LKC,small_airport,Lekana Airport,2634.0,AF,CG,CG-14,Lekana,,LKC,,"14.606, -2.313"
LKHO,closed,HoleÅ¡ov Airport,761.0,EU,CZ,CZ-ZL,HoleÅ¡ov,LKHO,GTW,,"17.5688992, 49.3143997"
LKKU,medium_airport,Kunovice Airport,581.0,EU,CZ,CZ-ZL,UherskÃ© HradiÅ¡tÄ,LKKU,UHE,,"17.439699172973633, 49.02939987182617"
LKKV,medium_airport,Karlovy Vary International Airport,1989.0,EU,CZ,CZ-KA,Karlovy Vary,LKKV,KLV,,"12.914999961853027, 50.202999114990234"
LKMR,small_airport,MariÃ¡nskÃ© LÃ¡znÄ Airport,1772.0,EU,CZ,CZ-KA,MariÃ¡nskÃ© LÃ¡znÄ,LKMR,MKA,,"12.72469997406, 49.922798156738"
LKMT,medium_airport,Ostrava Leos JanÃ¡Äek Airport,844.0,EU,CZ,CZ-MO,Ostrava,LKMT,OSR,,"18.111099243164062, 49.6963005065918"
LKOL,small_airport,Olomouc Airport,869.0,EU,CZ,CZ-OL,Olomouc,LKOL,OLO,,"17.2108, 49.587799"
LKPD,medium_airport,Pardubice Airport,741.0,EU,CZ,CZ-PA,Pardubice,LKPD,PED,,"15.73859977722168, 50.01340103149414"
LKPO,medium_airport,PÅerov Air Base,676.0,EU,CZ,CZ-OL,PÅerov,LKPO,PRV,,"17.404699325561523, 49.42580032348633"
LKPR,large_airport,VÃ¡clav Havel Airport Prague,1247.0,EU,CZ,CZ-PR,Prague,LKPR,PRG,,"14.26, 50.1008"
LKTB,medium_airport,Brno-TuÅany Airport,778.0,EU,CZ,CZ-JM,Brno,LKTB,BRQ,,"16.694400787353516, 49.15129852294922"
LKVO,medium_airport,Vodochody Airport,919.0,EU,CZ,CZ-ST,Vodochody,LKVO,VOD,,"14.3958, 50.216599"
LKZA,small_airport,Zabreh Ostrava Airport,791.0,EU,CZ,CZ-MO,Zabreh,LKZA,ZBE,,"18.07830047607422, 49.92829895019531"
LMC,small_airport,La Macarena Airport,790.0,SA,CO,CO-MET,La Macarena,,LMC,,"-73.78674, 2.17565"
LMMG,heliport,Xewkija Heliport,,EU,MT,MT-62,Gozo,LMMG,GZM,,"14.2728, 36.027199"
LMML,large_airport,Malta International Airport,300.0,EU,MT,MT-25,Valletta,LMML,MLA,,"14.4775, 35.857498"
LMZ,small_airport,Palma Airport,177.0,AF,MZ,MZ-P,Palma,,LMZ,,"40.4702, -10.7506"
LOF,closed,Loen Airport,23.0,OC,MH,MH-NMU,Loen Island,,LOF,,"168.2357, 7.7575"
LOIH,small_airport,Hohenems-Dornbirn Airfield,1352.0,EU,AT,AT-8,Hohenems / Dornbirn,LOIH,HOH,,"9.7, 47.384998"
LOM,small_airport,Francisco Primo de Verdad y Ramos Airport,6227.0,,MX,MX-JAL,Lagos de Moreno,,LOM,LMO,"-101.9441, 21.2581"
LOR,heliport,Lowe AHP (Fort Rucker) Heliport,294.0,,US,US-AL,Fort Rucker Ozark,KLOR,LOR,LOR,"-85.75119781, 31.35580063"
LOWG,medium_airport,Graz Airport,1115.0,EU,AT,AT-6,Graz,LOWG,GRZ,,"15.439599990844727, 46.9911003112793"
LOWI,medium_airport,Innsbruck Airport,1907.0,EU,AT,AT-7,Innsbruck,LOWI,INN,,"11.344, 47.260201"
LOWK,medium_airport,Klagenfurt Airport,1472.0,EU,AT,AT-2,Klagenfurt am WÃ¶rthersee,LOWK,KLU,,"14.3377, 46.642502"
LOWL,medium_airport,Linz HÃ¶rsching Airport,980.0,EU,AT,AT-4,Linz,LOWL,LNZ,,"14.1875, 48.2332"
LOWS,medium_airport,Salzburg Airport,1411.0,EU,AT,AT-5,Salzburg,LOWS,SZG,,"13.0043001175, 47.793300628699996"
LOWW,large_airport,Vienna International Airport,600.0,EU,AT,AT-9,Vienna,LOWW,VIE,,"16.569700241089, 48.110298156738"
LPAR,medium_airport,Alverca Air Base,11.0,EU,PT,PT-11,Vila Franca de Xira,LPAR,AVR,,"-9.0301, 38.883301"
LPAZ,medium_airport,Santa Maria Airport,308.0,EU,PT,PT-20,Vila do Porto,LPAZ,SMA,,"-25.17060089111328, 36.97140121459961"
LPBG,medium_airport,BraganÃ§a Airport,2241.0,EU,PT,PT-04,BraganÃ§a,LPBG,BGC,,"-6.70713, 41.8578"
LPBJ,medium_airport,Beja Airport / Airbase,636.0,EU,PT,PT-02,Beja,LPBJ,BYJ,,"-7.9324, 38.078899"
LPBR,medium_airport,Braga Municipal Aerodrome,247.0,EU,PT,PT-03,Braga,LPBR,BGZ,,"-8.445139884949999, 41.5871009827"
LPCH,small_airport,Aerodromo de Chaves,1181.0,EU,PT,PT-17,Chaves,LPCH,CHV,,"-7.463064, 41.722356"
LPCR,small_airport,Corvo Airport,,EU,PT,PT-20,Corvo,LPCR,CVU,,"-31.1136, 39.671501"
LPCS,medium_airport,Cascais Airport,325.0,EU,PT,PT-11,Cascais,LPCS,CAT,,"-9.35523, 38.724998"
LPFL,medium_airport,Flores Airport,112.0,EU,PT,PT-20,Santa Cruz das Flores,LPFL,FLW,,"-31.131399154663086, 39.455299377441406"
LPFR,large_airport,Faro Airport,24.0,EU,PT,PT-08,Faro,LPFR,FAO,,"-7.96590995789, 37.0144004822"
LPGR,medium_airport,Graciosa Airport,86.0,EU,PT,PT-20,Santa Cruz da Graciosa,LPGR,GRW,,"-28.029800415039062, 39.092201232910156"
LPHR,medium_airport,Horta Airport,118.0,EU,PT,PT-20,Horta,LPHR,HOR,,"-28.715900421142578, 38.519901275634766"
LPLA,large_airport,Lajes Airport,180.0,EU,PT,PT-20,Praia da VitÃ³ria,LPLA,TER,,"-27.090799, 38.761799"
LPMA,medium_airport,Madeira Airport,192.0,EU,PT,PT-30,Funchal,LPMA,FNC,,"-16.7745, 32.697899"
LPMR,medium_airport,Monte Real Air Base,187.0,EU,PT,PT-10,,LPMR,QLR,,"-8.8875, 39.828335"
LPPD,large_airport,JoÃ£o Paulo II Airport,259.0,EU,PT,PT-20,Ponta Delgada,LPPD,PDL,,"-25.6979007721, 37.7411994934"
LPPI,medium_airport,Pico Airport,109.0,EU,PT,PT-20,Pico Island,LPPI,PIX,,"-28.441299, 38.554298"
LPPM,medium_airport,PortimÃ£o Airport,5.0,EU,PT,PT-08,PortimÃ£o,LPPM,PRM,,"-8.58396, 37.1493"
LPPR,large_airport,Francisco de SÃ¡ Carneiro Airport,228.0,EU,PT,PT-13,Porto,LPPR,OPO,,"-8.68138980865, 41.2481002808"
LPPS,medium_airport,Porto Santo Airport,341.0,EU,PT,PT-30,Vila Baleira,LPPS,PXO,,"-16.3500003815, 33.0733985901"
LPPT,large_airport,Humberto Delgado Airport (Lisbon Portela Airport),374.0,EU,PT,PT-11,Lisbon,LPPT,LIS,,"-9.13592, 38.7813"
LPSI,closed,Sines Airport,,EU,PT,PT-15,,LPSI,SIE,,"-8.817301, 37.941692"
LPSJ,medium_airport,SÃ£o Jorge Airport,311.0,EU,PT,PT-20,Velas,LPSJ,SJZ,,"-28.1758, 38.665501"
LPVR,medium_airport,Vila Real Airport,1805.0,EU,PT,PT-17,Vila Real,LPVR,VRL,,"-7.72047, 41.2743"
LPVZ,medium_airport,Aerodromo Goncalves Lobato (Viseu Airport),2060.0,EU,PT,PT-18,Viseu,LPVZ,VSE,,"-7.88899, 40.725498"
LSGG,large_airport,Geneva Cointrin International Airport,1411.0,EU,CH,CH-GE,Geneva,LSGG,GVA,,"6.108950138092041, 46.23809814453125"
LSGN,small_airport,Neuchatel Airport,1427.0,EU,CH,CH-NE,,LSGN,QNC,,"6.86471986771, 46.9575004578"
LSGS,medium_airport,Sion Airport,1582.0,EU,CH,CH-VS,Sion,LSGS,SIR,,"7.326944, 46.219166"
LSME,medium_airport,Emmen Air Base,1400.0,EU,CH,CH-LU,,LSME,EML,,"8.305184, 47.092444"
LSMI,closed,Interlaken Air Base,,EU,CH,CH-BE,,LSMI,ZIN,,"7.8790798, 46.6766014"
LSZA,medium_airport,Lugano Airport,915.0,EU,CH,CH-TI,Lugano,LSZA,LUG,,"8.9105796814, 46.00429916379999"
LSZB,medium_airport,Bern Belp Airport,1674.0,EU,CH,CH-BE,Bern,LSZB,BRN,,"7.497149944309999, 46.914100647"
LSZC,small_airport,Buochs Airport,1475.0,EU,CH,CH-NW,Buochs,LSZC,BXO,,"8.396944, 46.974444"
LSZD,closed,Ascona Airport,655.0,EU,CH,CH-TI,Ascona,LSZD,ACO,,"8.78194046021, 46.157798767100005"
LSZG,medium_airport,Grenchen Airport,1411.0,EU,CH,CH-SO,Grenchen,LSZG,ZHI,,"7.41719, 47.181599"
LSZH,large_airport,ZÃ¼rich Airport,1416.0,EU,CH,CH-ZH,Zurich,LSZH,ZRH,,"8.54917, 47.464699"
LSZL,small_airport,Locarno Airport,650.0,EU,CH,CH-TI,Locarno,LSZL,ZJI,,"8.87860965729, 46.160800933800004"
LSZR,medium_airport,St Gallen Altenrhein Airport,1306.0,EU,CH,CH-SG,Altenrhein,LSZR,ACH,,"9.560770034789998, 47.4850006104"
LSZS,medium_airport,Samedan Airport,5600.0,EU,CH,CH-GR,,LSZS,SMV,,"9.884110450744629, 46.53409957885742"
LZIB,large_airport,M. R. Å tefÃ¡nik Airport,436.0,EU,SK,SK-BL,Bratislava,LZIB,BTS,,"17.21269989013672, 48.17020034790039"
LZKZ,medium_airport,KoÅ¡ice Airport,755.0,EU,SK,SK-KI,KoÅ¡ice,LZKZ,KSC,,"21.241100311279297, 48.66310119628906"
LZLU,small_airport,LuÄenec Airport,,EU,SK,SK-BC,LuÄenec,LZLU,LUE,,"19.73579978942871, 48.33940124511719"
LZPP,medium_airport,PieÅ¡Å¥any Airport,545.0,EU,SK,SK-TA,PieÅ¡Å¥any,LZPP,PZY,,"17.828399658203125, 48.62519836425781"
LZPW,small_airport,PreÅ¡ov Air Base,1060.0,EU,SK,SK-PV,PreÅ¡ov,LZPW,POV,,"21.315599441528, 49.02970123291"
LZSL,medium_airport,SliaÄ Airport,1043.0,EU,SK,SK-BC,SliaÄ,LZSL,SLD,,"19.13409996032715, 48.63779830932617"
LZTT,medium_airport,Poprad-Tatry Airport,2356.0,EU,SK,SK-KI,Poprad,LZTT,TAT,,"20.2411003113, 49.073600769"
LZZI,medium_airport,Å½ilina Airport,1020.0,EU,SK,SK-ZI,Å½ilina,LZZI,ILZ,,"18.6135005951, 49.231498718299996"
